date,symbol,open,high,low,close,volume
2025-07-15,LTIM,5163.0,5273.5,5158.5,5250.5,152240
2025-07-14,LTIM,5201.0,5206.0,5101.5,5158.0,181796
2025-07-11,LTIM,5240.0,5277.0,5170.5,5206.0,372811
2025-07-10,LTIM,5340.0,5348.5,5277.0,5320.0,164263
2025-07-09,LTIM,5374.5,5389.0,5291.5,5329.5,248609
2025-07-08,LTIM,5351.0,5414.5,5335.5,5369.0,199345
2025-07-07,LTIM,5317.0,5375.0,5305.5,5350.0,218259
2025-07-04,LTIM,5324.5,5350.5,5291.5,5316.0,154919
2025-07-03,LTIM,5327.0,5339.5,5297.5,5324.5,149303
2025-07-02,LTIM,5320.0,5382.5,5275.5,5304.5,201256
2025-07-01,LTIM,5317.0,5388.0,5285.5,5304.0,242101
2025-06-30,LTIM,5319.5,5325.0,5241.0,5317.0,137935
2025-06-27,LTIM,5394.5,5425.0,5280.0,5293.0,275493
2025-06-26,LTIM,5460.0,5460.0,5350.5,5373.0,275607
2025-06-25,LTIM,5360.0,5464.5,5341.0,5436.0,345355
2025-06-24,LTIM,5395.0,5400.0,5324.0,5336.5,171186
2025-06-23,LTIM,5325.0,5391.5,5305.0,5327.5,123073
2025-06-20,LTIM,5368.0,5434.0,5244.5,5376.5,442064
2025-06-19,LTIM,5455.0,5455.0,5260.0,5368.0,377075
2025-06-18,LTIM,5514.5,5543.5,5430.0,5450.5,181165
2025-06-17,LTIM,5460.0,5554.5,5450.0,5514.5,349300
2025-06-16,LTIM,5420.0,5498.5,5366.0,5449.5,176060
2025-06-13,LTIM,5311.0,5488.0,5307.0,5429.0,209830
2025-06-12,LTIM,5410.0,5499.0,5356.5,5415.0,339679
2025-06-11,LTIM,5410.0,5419.0,5333.0,5394.0,196348
2025-06-10,LTIM,5280.0,5445.0,5259.5,5385.0,428695
2025-06-09,LTIM,5210.5,5287.0,5210.5,5258.0,132596
2025-06-06,LTIM,5200.0,5219.0,5158.5,5204.0,154159
2025-06-05,LTIM,5185.0,5206.5,5123.5,5181.5,217932
2025-06-04,LTIM,5085.0,5170.5,5043.5,5153.0,220305
2025-06-03,LTIM,5097.5,5115.5,5020.0,5061.0,229510
2025-06-02,LTIM,5056.0,5122.0,5001.0,5072.5,225717
2025-05-30,LTIM,5130.3,5159.7,5046.9,5068.9,349175
2025-05-29,LTIM,5149.9,5276.8,5115.0,5128.2,539696
2025-05-28,LTIM,5135.1,5157.0,5072.0,5099.3,194327
2025-05-27,LTIM,5100.0,5117.0,5056.0,5107.7,147941
2025-05-26,LTIM,5054.5,5135.9,5041.2,5111.6,232194
2025-05-23,LTIM,5000.0,5085.0,4982.9,5045.8,263133
2025-05-22,LTIM,5000.5,5098.8,4970.2,5023.2,342893
2025-05-21,LTIM,5059.0,5074.4,4983.0,5033.8,236378
2025-05-20,LTIM,5050.0,5130.0,4992.9,5015.4,456026
2025-05-19,LTIM,5047.3,5079.4,4981.8,5020.1,215837
2025-05-16,LTIM,5040.0,5088.8,5022.5,5047.8,191664
2025-05-15,LTIM,5040.0,5055.0,4955.0,5033.9,348072
2025-05-14,LTIM,4969.9,5062.3,4940.0,5034.2,347597
2025-05-13,LTIM,4969.0,5039.2,4905.2,4919.5,526485
2025-05-12,LTIM,4750.0,4977.0,4702.1,4940.4,719620
2025-05-09,LTIM,4511.1,4660.4,4500.3,4621.6,223407
2025-05-08,LTIM,4565.0,4672.8,4548.5,4600.2,551222
2025-05-07,LTIM,4500.0,4591.4,4478.8,4559.1,203025
2025-05-06,LTIM,4607.0,4699.0,4521.0,4536.6,386507
2025-05-05,LTIM,4599.9,4674.0,4590.1,4621.2,269019
2025-05-02,LTIM,4600.0,4715.0,4537.1,4579.9,488331
2025-04-30,LTIM,4598.0,4644.4,4557.1,4586.5,299487
2025-04-29,LTIM,4495.0,4645.0,4495.0,4598.1,446566
2025-04-28,LTIM,4510.0,4529.9,4412.2,4486.7,246396
2025-04-25,LTIM,4525.1,4599.8,4446.3,4498.3,589535
2025-04-24,LTIM,4585.0,4589.8,4446.3,4533.8,1019766
2025-04-23,LTIM,4400.0,4560.0,4399.9,4536.7,1156118
2025-04-22,LTIM,4300.0,4360.0,4248.1,4320.4,551413
2025-04-21,LTIM,4210.0,4350.0,4200.0,4297.4,556193
2025-04-17,LTIM,4150.0,4231.5,4040.1,4191.9,783069
2025-04-16,LTIM,4308.1,4329.5,4255.0,4276.3,254885
2025-04-15,LTIM,4326.0,4328.0,4240.8,4317.6,344488
2025-04-11,LTIM,4236.35,4253.25,4167.05,4240.8,473127
2025-04-09,LTIM,4114.75,4171.6,4024.75,4107.85,564545
2025-04-08,LTIM,4170.45,4237.45,4062.8,4175.85,390791
2025-04-07,LTIM,3900.0,4100.0,3802.0,4057.15,433019
2025-04-04,LTIM,4310.0,4346.0,4101.0,4136.25,661108
2025-04-03,LTIM,4391.0,4450.0,4303.5,4341.95,505177
2025-04-02,LTIM,4449.75,4508.95,4396.6,4499.9,269265
2025-04-01,LTIM,4474.6,4483.45,4375.0,4426.6,230709
2025-03-28,LTIM,4540.05,4626.4,4475.0,4491.35,447846
2025-03-27,LTIM,4587.05,4679.0,4559.55,4655.9,390826
2025-03-26,LTIM,4625.0,4658.95,4581.2,4619.75,359284
2025-03-25,LTIM,4677.05,4677.05,4560.35,4606.4,646427
2025-03-24,LTIM,4559.0,4643.4,4504.0,4620.4,465723
2025-03-21,LTIM,4350.0,4532.7,4259.8,4520.25,748890
2025-03-20,LTIM,4433.6,4515.0,4385.7,4421.15,867249
2025-03-19,LTIM,4459.0,4459.0,4326.0,4365.45,596998
2025-03-18,LTIM,4367.95,4487.9,4355.05,4445.55,478883
2025-03-17,LTIM,4428.2,4445.0,4239.0,4359.8,1122866
2025-03-13,LTIM,4511.0,4578.0,4437.45,4467.05,483273
2025-03-12,LTIM,4621.0,4669.1,4466.0,4485.9,582088
2025-03-11,LTIM,4600.0,4678.0,4522.0,4654.45,241860
2025-03-10,LTIM,4732.95,4780.0,4662.7,4670.95,253711
2025-03-07,LTIM,4814.05,4814.05,4697.35,4721.95,324150
2025-03-06,LTIM,4804.05,4847.0,4783.45,4823.1,331678
2025-03-05,LTIM,4669.0,4814.65,4669.0,4773.5,437483
2025-03-04,LTIM,4714.0,4781.0,4640.0,4685.0,456566
2025-03-03,LTIM,4667.9,4853.65,4631.05,4834.2,460970
2025-02-28,LTIM,4825.0,4849.0,4650.45,4665.95,562521
2025-02-27,LTIM,4951.0,4980.0,4862.0,4878.6,243046
2025-02-25,LTIM,5034.45,5061.95,4927.0,4963.2,486917
2025-02-24,LTIM,5235.0,5283.0,4940.0,5047.45,1199262
2025-02-21,LTIM,5385.1,5422.4,5267.0,5298.5,186213
2025-02-20,LTIM,5439.0,5449.9,5355.05,5395.25,319665
2025-02-19,LTIM,5657.0,5657.0,5460.0,5470.1,300572
2025-02-18,LTIM,5501.25,5685.0,5476.0,5668.6,368623
2025-02-17,LTIM,5485.05,5524.6,5412.15,5472.6,334769
2025-02-14,LTIM,5632.0,5657.05,5476.05,5511.6,325701
2025-02-13,LTIM,5675.05,5744.95,5580.0,5601.45,240957
2025-02-12,LTIM,5678.0,5713.1,5607.05,5705.5,181440
2025-02-11,LTIM,5765.0,5816.95,5651.0,5677.7,173609
2025-02-10,LTIM,5966.0,6000.0,5775.0,5797.9,107380
2025-02-07,LTIM,5974.9,5997.0,5883.15,5956.6,96121
2025-02-06,LTIM,6050.7,6084.95,5906.35,5944.85,82706
2025-02-05,LTIM,5900.0,6096.95,5870.15,6024.7,372380
2025-02-04,LTIM,5832.25,5917.65,5819.95,5902.25,251536
2025-02-03,LTIM,5850.0,5869.8,5733.45,5790.65,315896
2025-02-01,LTIM,5914.15,5948.85,5863.15,5915.0,104127
2025-01-31,LTIM,5865.0,5955.0,5823.25,5914.15,225354
2025-01-30,LTIM,5913.05,5923.9,5816.45,5840.25,178832
2025-01-29,LTIM,5674.95,5940.0,5674.95,5882.75,248653
2025-01-28,LTIM,5650.0,5728.5,5610.0,5665.4,262239
2025-01-27,LTIM,5855.55,5928.1,5620.0,5685.7,418147
2025-01-24,LTIM,6023.6,6047.95,5961.6,5998.15,219285
2025-01-23,LTIM,5821.0,6059.7,5821.0,6002.05,283420
2025-01-22,LTIM,5745.05,5873.1,5692.0,5849.9,203767
2025-01-21,LTIM,5821.0,5881.9,5740.95,5758.4,157604
2025-01-20,LTIM,5885.0,5898.75,5790.7,5825.3,173144
2025-01-17,LTIM,5855.0,5980.0,5770.0,5890.3,766633
2025-01-16,LTIM,5877.45,6031.55,5855.55,5978.8,507014
2025-01-15,LTIM,5766.0,5905.45,5691.0,5837.55,315806
2025-01-14,LTIM,6030.75,6042.9,5723.75,5751.9,469510
2025-01-13,LTIM,6094.0,6157.95,6005.0,6030.75,453385
2025-01-10,LTIM,5882.0,6152.8,5882.0,6124.4,1095351
2025-01-09,LTIM,5897.9,5902.3,5811.1,5840.7,211300
2025-01-08,LTIM,5750.0,5900.0,5661.5,5881.85,254792
2025-01-07,LTIM,5784.8,5840.0,5738.05,5756.95,152237
2025-01-06,LTIM,5843.95,5889.0,5708.4,5731.35,394865
2025-01-03,LTIM,5780.0,5780.0,5700.0,5733.4,285435
2025-01-02,LTIM,5660.0,5771.35,5645.05,5753.05,371309
2025-01-01,LTIM,5625.55,5682.9,5602.75,5673.35,150254
2024-12-31,LTIM,5620.0,5620.0,5510.0,5585.9,299147
2024-12-30,LTIM,5680.45,5707.95,5602.0,5643.5,908239
2024-12-27,LTIM,5769.0,5819.95,5671.2,5678.0,341033
2024-12-26,LTIM,5730.0,5773.95,5650.7,5752.35,380345
2024-12-24,LTIM,5764.0,5788.0,5702.0,5725.7,196609
2024-12-23,LTIM,5877.9,5895.0,5707.0,5730.45,373162
2024-12-20,LTIM,6288.0,6288.0,5801.0,5824.3,1118998
2024-12-19,LTIM,6370.0,6370.0,6205.55,6220.6,734279
2024-12-18,LTIM,6699.8,6735.9,6556.05,6574.05,179125
2024-12-17,LTIM,6738.45,6759.9,6650.3,6696.95,228608
2024-12-16,LTIM,6700.0,6767.95,6697.5,6738.45,269421
2024-12-13,LTIM,6650.0,6738.0,6640.25,6714.45,338031
2024-12-12,LTIM,6619.95,6734.4,6601.05,6667.65,495471
2024-12-11,LTIM,6634.6,6642.65,6540.8,6598.6,381763
2024-12-10,LTIM,6400.35,6624.0,6400.3,6579.3,738557
2024-12-09,LTIM,6378.9,6438.0,6330.0,6389.05,159761
2024-12-06,LTIM,6346.0,6398.85,6330.95,6378.9,205466
2024-12-05,LTIM,6255.0,6360.0,6240.2,6347.15,259179
2024-12-04,LTIM,6200.0,6249.0,6152.45,6221.5,160443
2024-12-03,LTIM,6223.0,6286.1,6125.75,6167.0,295648
2024-12-02,LTIM,6172.4,6235.4,6130.2,6213.35,114428
2024-11-29,LTIM,6130.0,6250.0,6130.0,6172.4,148132
2024-11-28,LTIM,6269.9,6273.9,6085.55,6159.75,304005
2024-11-27,LTIM,6227.95,6301.55,6190.05,6261.7,234693
2024-11-26,LTIM,6148.95,6264.4,6123.75,6227.15,241508
2024-11-25,LTIM,6150.0,6196.8,6089.15,6115.25,532812
2024-11-22,LTIM,5979.9,6148.25,5931.05,6133.7,301184
2024-11-21,LTIM,5880.05,5946.55,5848.35,5931.05,132376
2024-11-19,LTIM,5841.5,5965.0,5832.5,5885.95,218021
2024-11-18,LTIM,5955.0,5984.95,5711.5,5841.5,276072
2024-11-14,LTIM,5947.05,6011.0,5920.05,5994.65,143974
2024-11-13,LTIM,6005.05,6009.7,5914.15,5947.55,181293
2024-11-12,LTIM,6007.0,6037.0,5964.8,6005.05,289914
2024-11-11,LTIM,5890.0,6025.0,5858.9,5974.6,146972
2024-11-08,LTIM,5899.0,5993.0,5889.2,5926.95,169926
2024-11-07,LTIM,6000.0,6002.55,5820.05,5886.0,206546
2024-11-06,LTIM,5789.0,5999.95,5761.55,5990.15,517708
2024-11-05,LTIM,5735.0,5785.1,5685.0,5719.85,163042
2024-11-04,LTIM,5700.0,5751.75,5572.65,5737.15,198497
2024-11-01,LTIM,5702.0,5760.65,5701.05,5731.6,23678
2024-10-31,LTIM,5796.0,5858.95,5621.2,5710.85,492437
2024-10-30,LTIM,5842.0,5879.8,5780.25,5795.15,130223
2024-10-29,LTIM,5924.8,5946.95,5805.45,5852.25,114850
2024-10-28,LTIM,5909.8,5962.05,5825.6,5889.8,132878
2024-10-25,LTIM,5970.3,5982.6,5827.5,5903.2,191734
2024-10-24,LTIM,5942.45,5994.3,5917.0,5970.35,179275
2024-10-23,LTIM,5876.0,6028.75,5861.4,5935.05,379455
2024-10-22,LTIM,5968.95,5996.8,5860.0,5876.65,201412
2024-10-21,LTIM,6029.0,6068.55,5922.25,5943.1,307418
2024-10-18,LTIM,6380.0,6380.0,5960.0,5991.7,1019092
2024-10-17,LTIM,6388.9,6425.0,6312.7,6394.45,310484
2024-10-16,LTIM,6460.0,6470.0,6340.0,6359.35,155322
2024-10-15,LTIM,6490.7,6551.7,6440.05,6460.8,597153
2024-10-14,LTIM,6412.0,6485.85,6369.4,6448.55,208260
2024-10-11,LTIM,6340.0,6458.65,6340.0,6410.95,383832
2024-10-10,LTIM,6486.0,6488.0,6320.05,6346.05,200473
2024-10-09,LTIM,6394.0,6487.0,6365.25,6440.55,485153
2024-10-08,LTIM,6289.5,6388.0,6185.05,6376.8,386713
2024-10-07,LTIM,6169.9,6296.0,6150.0,6254.95,608166
2024-10-04,LTIM,6200.95,6264.65,6100.0,6114.1,330589
2024-10-03,LTIM,6199.95,6305.0,6152.5,6183.85,297603
2024-10-01,LTIM,6244.35,6285.95,6189.0,6273.45,526014
2024-09-30,LTIM,6100.0,6273.3,6023.0,6244.35,685928
2024-09-27,LTIM,6220.0,6359.0,6105.05,6136.1,5261322
2024-09-26,LTIM,6134.95,6196.0,6103.1,6164.05,535600
2024-09-25,LTIM,6344.1,6344.1,6090.55,6102.55,617659
2024-09-24,LTIM,6326.0,6355.0,6205.2,6344.1,627620
2024-09-23,LTIM,6400.0,6410.0,6286.65,6326.1,278381
2024-09-20,LTIM,6336.35,6451.0,6336.35,6373.1,393050
2024-09-19,LTIM,6440.0,6574.95,6344.15,6377.15,753347
2024-09-18,LTIM,6399.0,6399.0,6232.0,6366.3,757933
2024-09-17,LTIM,6409.7,6514.45,6396.55,6455.75,367663
2024-09-16,LTIM,6446.0,6453.0,6391.1,6423.45,161324
2024-09-13,LTIM,6370.0,6447.25,6340.0,6416.2,278354
2024-09-12,LTIM,6301.0,6410.0,6278.35,6392.35,426550
2024-09-11,LTIM,6332.0,6365.0,6275.0,6299.3,331331
2024-09-10,LTIM,6205.65,6400.0,6177.3,6343.35,929755
2024-09-09,LTIM,6135.0,6198.95,6105.0,6146.6,361840
2024-09-06,LTIM,6205.0,6317.95,6146.95,6165.4,1157210
2024-09-05,LTIM,6089.8,6200.0,6078.0,6149.3,636255
2024-09-04,LTIM,6005.0,6088.15,5989.75,6071.2,482013
2024-09-03,LTIM,6097.0,6179.0,6085.0,6145.7,406722
2024-09-02,LTIM,6102.0,6201.0,6102.0,6153.5,343399
2024-08-30,LTIM,6152.1,6173.05,6069.0,6156.05,1700749
2024-08-29,LTIM,6114.0,6150.0,6055.05,6132.1,613085
2024-08-28,LTIM,5775.0,6198.9,5770.0,6127.55,3580339
2024-08-27,LTIM,5715.0,5799.0,5706.05,5751.55,269054
2024-08-26,LTIM,5660.0,5754.7,5649.75,5739.95,333622
2024-08-23,LTIM,5691.0,5703.0,5620.0,5641.6,252213
2024-08-22,LTIM,5734.95,5769.0,5657.45,5704.4,223201
2024-08-21,LTIM,5685.1,5731.0,5658.4,5713.45,247285
2024-08-20,LTIM,5680.0,5752.0,5665.5,5707.8,326477
2024-08-19,LTIM,5567.95,5710.5,5567.95,5676.1,281113
2024-08-16,LTIM,5529.6,5600.0,5486.95,5563.75,445477
2024-08-14,LTIM,5395.0,5439.95,5367.0,5427.55,241696
2024-08-13,LTIM,5346.6,5405.9,5302.8,5384.9,223672
2024-08-12,LTIM,5373.55,5435.5,5319.85,5400.45,204264
2024-08-09,LTIM,5440.0,5483.0,5365.7,5373.55,325943
2024-08-08,LTIM,5547.0,5547.0,5320.85,5338.3,496812
2024-08-07,LTIM,5524.0,5587.0,5503.6,5567.5,260682
2024-08-06,LTIM,5371.0,5528.0,5371.0,5460.75,393965
2024-08-05,LTIM,5258.0,5405.0,5257.05,5390.1,733853
2024-08-02,LTIM,5585.0,5667.95,5480.0,5509.9,425166
2024-08-01,LTIM,5689.0,5767.35,5626.0,5678.9,472017
2024-07-31,LTIM,5665.0,5709.4,5636.5,5658.15,410606
2024-07-30,LTIM,5786.6,5797.0,5651.35,5672.5,368957
2024-07-29,LTIM,5811.95,5858.7,5750.0,5786.6,199536
2024-07-26,LTIM,5599.85,5811.9,5585.05,5788.45,497275
2024-07-25,LTIM,5610.0,5638.95,5561.0,5597.9,273149
2024-07-24,LTIM,5694.0,5715.0,5651.8,5665.15,144400
2024-07-23,LTIM,5747.0,5760.0,5547.55,5688.6,319279
2024-07-22,LTIM,5733.0,5780.05,5661.05,5718.35,271458
2024-07-19,LTIM,5781.0,5879.15,5732.3,5762.75,961356
2024-07-18,LTIM,5605.0,5778.0,5605.0,5756.9,2592299
2024-07-16,LTIM,5490.1,5577.8,5438.3,5562.35,339480
2024-07-15,LTIM,5612.0,5642.0,5460.55,5478.15,322248
2024-07-12,LTIM,5521.25,5659.7,5470.1,5572.65,1174862
2024-07-11,LTIM,5393.0,5424.65,5338.0,5407.6,266246
2024-07-10,LTIM,5400.0,5426.95,5320.35,5376.25,300436
2024-07-09,LTIM,5405.5,5428.7,5334.85,5377.15,241090
2024-07-08,LTIM,5421.7,5459.65,5347.25,5389.7,198972
2024-07-05,LTIM,5459.0,5493.2,5398.75,5421.7,213468
2024-07-04,LTIM,5479.8,5520.0,5445.0,5459.5,255625
2024-07-03,LTIM,5489.9,5503.4,5435.3,5466.4,251028
2024-07-02,LTIM,5450.05,5543.0,5405.0,5474.0,502427
2024-07-01,LTIM,5372.45,5550.0,5352.15,5447.5,1092209
2024-06-28,LTIM,5377.0,5450.0,5315.0,5385.05,413940
2024-06-27,LTIM,5181.0,5389.95,5125.0,5377.05,1326532
2024-06-26,LTIM,5155.0,5190.0,5136.1,5177.5,401368
2024-06-25,LTIM,5111.25,5135.0,5070.45,5123.85,179424
2024-06-24,LTIM,5100.0,5149.95,5060.0,5111.2,258477
2024-06-21,LTIM,5200.0,5273.85,5110.6,5125.45,1417846
2024-06-20,LTIM,5030.0,5071.0,5000.0,5052.45,333475
2024-06-19,LTIM,5072.0,5075.85,4970.5,5019.85,351127
2024-06-18,LTIM,5056.0,5132.0,5046.05,5089.6,697624
2024-06-14,LTIM,5047.2,5070.2,4995.25,5032.55,278048
2024-06-13,LTIM,4996.05,5092.15,4971.05,5047.2,739500
2024-06-12,LTIM,4960.65,5024.0,4936.05,4951.1,705428
2024-06-11,LTIM,4924.75,4946.35,4890.3,4903.55,268670
2024-06-10,LTIM,4977.25,4978.8,4865.0,4903.45,428520
2024-06-07,LTIM,4825.0,5007.95,4820.0,4977.2,1002806
2024-06-06,LTIM,4740.0,4819.0,4703.0,4800.25,622901
2024-06-05,LTIM,4634.95,4774.0,4630.65,4688.85,457063
2024-06-04,LTIM,4649.5,4675.95,4513.55,4630.65,683878
2024-06-03,LTIM,4825.0,4825.0,4639.8,4649.4,448138
2024-05-31,LTIM,4769.9,4775.65,4680.0,4701.9,965092
2024-05-30,LTIM,4849.95,4870.7,4748.0,4773.15,393085
2024-05-29,LTIM,4885.0,4892.9,4830.05,4880.8,209717
2024-05-28,LTIM,4915.0,4933.45,4855.2,4885.95,321798
2024-05-27,LTIM,4849.95,4915.2,4826.7,4892.05,429985
2024-05-24,LTIM,4843.0,4860.0,4821.5,4839.75,233454
2024-05-23,LTIM,4780.0,4848.95,4780.0,4831.3,491869
2024-05-22,LTIM,4740.0,4805.0,4722.5,4775.75,276807
2024-05-21,LTIM,4750.0,4780.5,4711.0,4730.75,380590
2024-05-18,LTIM,4789.95,4789.95,4740.0,4751.1,21310
2024-05-17,LTIM,4785.0,4790.0,4725.0,4764.3,383213
2024-05-16,LTIM,4665.95,4785.9,4665.95,4771.2,612681
2024-05-15,LTIM,4648.95,4675.95,4633.0,4649.3,246664
2024-05-14,LTIM,4599.85,4670.05,4589.95,4634.85,156781
2024-05-13,LTIM,4607.8,4628.9,4565.5,4593.55,242264
2024-05-10,LTIM,4649.95,4649.95,4565.6,4607.65,315816
2024-05-09,LTIM,4717.0,4727.7,4627.55,4658.0,576158
2024-05-08,LTIM,4725.0,4728.85,4675.65,4713.8,249942
2024-05-07,LTIM,4710.05,4729.0,4652.0,4699.4,283096
2024-05-06,LTIM,4675.0,4739.0,4660.0,4703.95,232694
2024-05-03,LTIM,4705.05,4723.75,4640.55,4651.95,399976
2024-05-02,LTIM,4714.95,4748.45,4675.55,4692.7,423233
2024-04-30,LTIM,4750.0,4778.6,4699.95,4706.4,362707
2024-04-29,LTIM,4801.1,4809.95,4715.2,4743.95,338991
2024-04-26,LTIM,4640.5,4823.55,4639.7,4788.05,757962
2024-04-25,LTIM,4659.95,4687.75,4591.5,4634.7,1495381
2024-04-24,LTIM,4740.05,4754.25,4709.6,4726.8,489912
2024-04-23,LTIM,4680.1,4741.3,4680.1,4723.4,298146
2024-04-22,LTIM,4699.0,4700.0,4633.0,4676.2,270101
2024-04-19,LTIM,4650.0,4672.6,4596.35,4660.55,375613
2024-04-18,LTIM,4722.9,4756.85,4677.0,4697.15,638832
2024-04-16,LTIM,4786.95,4786.95,4650.05,4662.85,1337626
2024-04-15,LTIM,4855.0,4891.45,4800.3,4815.15,335329
2024-04-12,LTIM,4916.0,4953.0,4880.05,4888.9,218620
2024-04-10,LTIM,4918.75,4927.05,4875.35,4918.35,271550
2024-04-09,LTIM,4936.0,4973.1,4880.0,4892.65,330892
2024-04-08,LTIM,4940.0,4956.0,4883.0,4897.4,376850
2024-04-05,LTIM,4945.0,4945.0,4893.0,4927.5,340663
2024-04-04,LTIM,4901.95,4967.65,4866.1,4935.2,791246
2024-04-03,LTIM,4900.75,4933.0,4864.05,4869.3,545022
2024-04-02,LTIM,4881.9,4917.95,4866.65,4900.75,454393
2024-04-01,LTIM,4955.0,4979.75,4866.1,4882.6,626289
2024-03-28,LTIM,4935.95,4967.4,4908.05,4938.4,1169945
2024-03-27,LTIM,4980.0,5002.9,4915.0,4927.5,517721
2024-03-26,LTIM,5005.0,5045.35,4964.0,4975.2,388110
2024-03-22,LTIM,5044.95,5078.0,4945.05,5005.0,846359
2024-03-21,LTIM,5160.0,5193.0,5130.3,5159.9,374029
2024-03-20,LTIM,5115.1,5158.65,5070.85,5101.05,229758
2024-03-19,LTIM,5167.0,5178.1,5076.2,5105.7,487996
2024-03-18,LTIM,5200.0,5219.95,5150.0,5167.45,189164
2024-03-15,LTIM,5248.05,5249.95,5170.0,5194.35,571117
2024-03-14,LTIM,5184.95,5272.15,5112.8,5264.2,414994
2024-03-13,LTIM,5231.75,5275.2,5160.15,5195.0,617665
2024-03-12,LTIM,5143.0,5219.25,5123.0,5209.2,493480
2024-03-11,LTIM,5118.0,5133.0,5057.0,5123.0,343534
2024-03-07,LTIM,5178.85,5201.95,5108.0,5122.7,461048
2024-03-06,LTIM,5149.95,5179.35,5073.25,5164.2,608117
2024-03-05,LTIM,5209.85,5219.45,5115.0,5131.55,549757
2024-03-04,LTIM,5300.0,5319.85,5209.55,5216.85,456225
2024-03-02,LTIM,5300.95,5314.8,5274.0,5294.9,19035
2024-03-01,LTIM,5315.0,5348.45,5257.0,5273.55,565313
2024-02-29,LTIM,5412.0,5429.95,5267.0,5300.85,513879
2024-02-28,LTIM,5449.0,5466.0,5380.0,5409.95,263858
2024-02-27,LTIM,5465.0,5508.1,5401.0,5442.7,321866
2024-02-26,LTIM,5537.9,5537.9,5444.05,5466.15,227438
2024-02-23,LTIM,5546.0,5555.15,5510.0,5542.65,310531
2024-02-22,LTIM,5498.0,5506.3,5406.05,5486.75,536659
2024-02-21,LTIM,5500.0,5516.1,5407.1,5420.1,567794
2024-02-20,LTIM,5528.9,5590.0,5481.45,5504.35,413919
2024-02-19,LTIM,5566.0,5589.0,5509.9,5514.05,156372
2024-02-16,LTIM,5567.0,5594.95,5495.35,5580.4,319063
2024-02-15,LTIM,5575.55,5590.0,5511.05,5522.3,226420
2024-02-14,LTIM,5479.95,5517.0,5404.65,5505.15,332342
2024-02-13,LTIM,5515.95,5575.0,5469.2,5557.15,256808
2024-02-12,LTIM,5469.95,5548.0,5464.55,5516.5,421078
2024-02-09,LTIM,5470.0,5470.0,5362.0,5453.3,196922
2024-02-08,LTIM,5455.95,5490.0,5401.1,5420.8,380430
2024-02-07,LTIM,5500.0,5518.95,5439.0,5447.9,354265
2024-02-06,LTIM,5430.5,5506.85,5391.35,5470.3,836565
2024-02-05,LTIM,5540.0,5540.0,5425.65,5438.45,301000
2024-02-02,LTIM,5375.05,5541.0,5375.05,5485.85,593677
2024-02-01,LTIM,5430.0,5434.0,5342.0,5364.65,495519
2024-01-31,LTIM,5351.0,5466.45,5310.3,5448.55,536486
2024-01-30,LTIM,5495.0,5524.7,5345.05,5352.8,830778
2024-01-29,LTIM,5497.0,5514.1,5400.0,5448.35,772171
2024-01-25,LTIM,5650.0,5650.0,5457.3,5494.65,911916
2024-01-24,LTIM,5650.35,5718.9,5598.05,5619.55,729576
2024-01-23,LTIM,5630.0,5724.0,5580.0,5638.5,754748
2024-01-20,LTIM,5708.0,5710.0,5625.0,5656.75,222222
2024-01-19,LTIM,5689.0,5697.2,5582.0,5652.15,974885
2024-01-18,LTIM,5700.0,5790.0,5411.75,5603.0,2798324
2024-01-17,LTIM,6195.0,6324.0,6150.0,6275.6,472635
2024-01-16,LTIM,6290.0,6299.95,6193.9,6235.9,255823
2024-01-15,LTIM,6343.95,6442.0,6250.5,6315.15,653754
2024-01-12,LTIM,6025.6,6245.0,6015.0,6237.05,899942
2024-01-11,LTIM,5978.35,5998.9,5913.05,5959.95,232299
2024-01-10,LTIM,5915.0,5957.5,5885.0,5947.5,259576
2024-01-09,LTIM,5915.0,5957.9,5875.0,5909.4,351316
2024-01-08,LTIM,5988.0,5988.0,5835.05,5845.6,193870
2024-01-05,LTIM,5945.0,6010.0,5902.0,5947.65,429330
2024-01-04,LTIM,5963.0,6020.0,5851.7,5866.4,618173
2024-01-03,LTIM,6110.0,6113.25,5955.0,5961.05,421251
2024-01-02,LTIM,6230.0,6284.0,6123.45,6144.0,475149
2024-01-01,LTIM,6308.8,6318.75,6240.0,6261.9,166927
2023-12-29,LTIM,6260.35,6306.0,6200.25,6294.95,245328
2023-12-28,LTIM,6301.85,6325.0,6233.35,6253.15,335511
2023-12-27,LTIM,6278.0,6356.0,6255.0,6287.2,357171
2023-12-26,LTIM,6240.0,6288.25,6206.1,6259.7,271488
2023-12-22,LTIM,6186.95,6240.0,6108.0,6229.1,540467
2023-12-21,LTIM,5982.45,6147.85,5950.05,6111.05,513420
2023-12-20,LTIM,6140.0,6289.0,6000.05,6032.5,886292
2023-12-19,LTIM,6169.0,6169.0,6032.9,6112.75,431913
2023-12-18,LTIM,6140.0,6204.9,6074.05,6139.2,413220
2023-12-15,LTIM,5949.0,6215.0,5936.0,6129.3,1618791
2023-12-14,LTIM,5810.05,5965.0,5791.85,5944.3,958532
2023-12-13,LTIM,5776.85,5776.85,5614.0,5727.5,387503
2023-12-12,LTIM,5800.0,5820.0,5735.0,5758.0,362937
2023-12-11,LTIM,5736.0,5800.0,5695.6,5770.65,497043
2023-12-08,LTIM,5599.0,5754.0,5585.0,5708.7,780096
2023-12-07,LTIM,5664.8,5664.8,5542.0,5567.2,273629
2023-12-06,LTIM,5508.5,5669.9,5508.5,5639.85,605990
2023-12-05,LTIM,5575.0,5580.0,5454.0,5487.65,268002
2023-12-04,LTIM,5610.0,5632.0,5550.0,5577.4,168191
2023-12-01,LTIM,5600.0,5610.0,5522.6,5577.05,195286
2023-11-30,LTIM,5600.0,5615.95,5515.6,5536.7,612934
2023-11-29,LTIM,5490.0,5595.2,5490.0,5588.5,354830
2023-11-28,LTIM,5478.95,5490.0,5407.6,5479.25,263892
2023-11-24,LTIM,5490.0,5511.35,5437.75,5472.6,152012
2023-11-23,LTIM,5579.8,5600.0,5452.1,5471.35,249485
2023-11-22,LTIM,5509.25,5576.1,5505.0,5553.65,203308
2023-11-21,LTIM,5585.0,5612.0,5510.0,5520.25,268090
2023-11-20,LTIM,5518.5,5637.65,5510.0,5556.1,457451
2023-11-17,LTIM,5540.0,5548.0,5486.5,5518.5,338819
2023-11-16,LTIM,5420.0,5548.45,5366.3,5519.5,466812
2023-11-15,LTIM,5320.0,5444.25,5292.7,5401.65,468132
2023-11-13,LTIM,5259.0,5269.95,5216.4,5261.1,140187
2023-11-12,LTIM,5286.0,5300.0,5245.7,5263.9,21565
2023-11-10,LTIM,5241.0,5279.95,5182.25,5262.15,229733
2023-11-09,LTIM,5233.4,5265.0,5208.5,5254.7,269946
2023-11-08,LTIM,5190.0,5240.1,5175.05,5233.4,236117
2023-11-07,LTIM,5145.45,5209.1,5135.0,5186.95,200866
2023-11-06,LTIM,5174.0,5178.45,5115.0,5149.65,155164
2023-11-03,LTIM,5078.0,5148.0,5059.0,5134.95,324952
2023-11-02,LTIM,5065.7,5122.35,5006.15,5020.05,312381
2023-11-01,LTIM,5065.0,5106.0,4989.05,4998.7,323448
2023-10-31,LTIM,5164.0,5164.0,5051.1,5060.4,259121
2023-10-30,LTIM,5171.0,5177.8,5083.05,5149.2,276530
2023-10-27,LTIM,5170.0,5215.0,5160.0,5171.0,183188
2023-10-26,LTIM,5153.0,5198.65,5066.6,5170.5,405185
2023-10-25,LTIM,5236.95,5295.0,5180.95,5204.05,293641
2023-10-23,LTIM,5407.0,5407.0,5185.0,5201.75,268286
2023-10-20,LTIM,5461.0,5513.0,5390.05,5416.2,548231
2023-10-19,LTIM,5200.0,5480.0,5200.0,5457.8,1808046
2023-10-18,LTIM,5200.1,5205.0,5037.65,5155.2,333664
2023-10-17,LTIM,5192.0,5230.0,5176.2,5213.75,313332
2023-10-16,LTIM,5118.45,5192.0,5099.0,5162.45,244025
2023-10-13,LTIM,5105.0,5205.0,5075.0,5095.15,272672
2023-10-12,LTIM,5259.5,5268.4,5136.9,5154.75,307844
2023-10-11,LTIM,5280.0,5342.95,5230.0,5244.45,238862
2023-10-10,LTIM,5240.0,5294.25,5212.35,5266.35,172958
2023-10-09,LTIM,5215.95,5234.0,5173.5,5206.45,353035
2023-10-06,LTIM,5250.0,5264.95,5216.75,5239.2,139350
2023-10-05,LTIM,5217.7,5255.0,5195.35,5226.25,283699
2023-10-04,LTIM,5181.0,5199.0,5126.65,5186.2,199894
2023-10-03,LTIM,5195.0,5249.85,5137.6,5212.75,255939
2023-09-29,LTIM,5265.0,5303.05,5128.0,5209.85,481064
2023-09-28,LTIM,5462.0,5462.0,5218.1,5264.9,484805
2023-09-27,LTIM,5400.0,5445.0,5376.1,5436.9,320128
2023-09-26,LTIM,5381.0,5410.5,5353.0,5363.05,159123
2023-09-25,LTIM,5449.0,5459.0,5360.0,5377.1,254576
2023-09-22,LTIM,5386.0,5452.5,5350.0,5427.5,180055
2023-09-21,LTIM,5468.0,5468.0,5355.0,5394.15,313418
2023-09-20,LTIM,5475.0,5527.7,5453.2,5473.45,145121
2023-09-18,LTIM,5520.0,5523.6,5471.1,5513.75,184125
2023-09-15,LTIM,5529.95,5549.3,5495.15,5532.8,296245
2023-09-14,LTIM,5545.0,5593.4,5481.35,5498.6,401195
2023-09-13,LTIM,5498.0,5550.0,5457.35,5539.1,247607
2023-09-12,LTIM,5508.6,5536.0,5416.0,5505.45,327724
2023-09-11,LTIM,5480.0,5521.0,5467.3,5508.65,239456
2023-09-08,LTIM,5500.0,5501.0,5450.0,5478.5,244392
2023-09-07,LTIM,5400.0,5497.95,5353.0,5485.9,602474
2023-09-06,LTIM,5448.95,5480.4,5357.1,5407.25,388092
2023-09-05,LTIM,5365.7,5462.0,5341.35,5426.15,600824
2023-09-04,LTIM,5315.05,5380.0,5272.85,5365.7,397768
2023-09-01,LTIM,5224.8,5314.0,5197.05,5303.35,435444
2023-08-31,LTIM,5195.0,5253.4,5158.05,5193.4,636436
2023-08-30,LTIM,5179.4,5213.0,5135.0,5173.65,349680
2023-08-29,LTIM,5141.0,5187.95,5122.1,5136.75,196122
2023-08-28,LTIM,5150.0,5156.85,5095.5,5129.95,165824
2023-08-25,LTIM,5131.0,5189.9,5104.15,5127.4,206278
2023-08-24,LTIM,5219.0,5229.9,5120.25,5170.15,296417
2023-08-23,LTIM,5155.05,5245.9,5155.05,5174.5,359052
2023-08-22,LTIM,5170.0,5170.0,5109.0,5139.9,175355
2023-08-21,LTIM,5086.0,5152.15,5056.0,5147.55,202004
2023-08-18,LTIM,5100.0,5114.0,5011.6,5085.15,338124
2023-08-17,LTIM,5188.0,5188.0,5082.8,5097.55,344151
2023-08-16,LTIM,5199.0,5238.7,5160.0,5197.9,405856
2023-08-14,LTIM,5090.0,5203.95,5065.0,5193.3,396400
2023-08-11,LTIM,5115.0,5171.95,5095.05,5107.35,353239
2023-08-10,LTIM,5085.0,5144.9,5071.55,5106.55,255038
2023-08-09,LTIM,5075.0,5112.5,5033.0,5104.2,201844
2023-08-08,LTIM,5058.0,5096.0,5021.5,5082.55,340699
2023-08-07,LTIM,4956.0,5059.3,4930.85,5047.05,451430
2023-08-04,LTIM,4885.0,4980.95,4881.2,4940.9,238713
2023-08-03,LTIM,4860.0,4898.95,4831.05,4869.9,346102
2023-08-02,LTIM,4975.0,4976.0,4840.0,4865.95,542161
2023-08-01,LTIM,4929.0,4998.7,4900.0,4977.45,442346
2023-07-31,LTIM,4840.4,4904.0,4801.0,4891.65,343283
2023-07-28,LTIM,4870.0,4893.5,4813.1,4844.05,217121
2023-07-27,LTIM,4890.0,4898.85,4837.6,4862.45,406914
2023-07-26,LTIM,4889.0,4937.5,4855.0,4860.55,384319
2023-07-25,LTIM,4890.0,4899.0,4852.5,4868.65,283808
2023-07-24,LTIM,4922.75,4962.6,4866.0,4879.05,254263
2023-07-21,LTIM,4895.0,5020.0,4855.0,4922.75,859135
2023-07-20,LTIM,5005.0,5018.0,4955.7,4985.05,361901
2023-07-19,LTIM,5030.0,5039.0,4950.0,4990.5,526765
2023-07-18,LTIM,5050.0,5077.95,4945.25,5001.15,1983506
2023-07-17,LTIM,5125.0,5296.0,5080.0,5134.85,1526990
2023-07-14,LTIM,4925.0,5114.4,4902.0,5093.1,1374038
2023-07-13,LTIM,4805.0,4943.9,4795.55,4893.3,837160
2023-07-12,LTIM,4961.0,4988.25,4776.2,4816.2,5055302
2023-07-11,LTIM,4997.75,5023.25,4915.0,4924.25,537188
2023-07-10,LTIM,5099.0,5099.0,4962.05,4997.75,560058
2023-07-07,LTIM,5190.0,5250.0,5101.2,5114.55,606865
2023-07-06,LTIM,5255.0,5265.0,5170.0,5178.2,415786
2023-07-05,LTIM,5425.0,5430.0,5205.05,5242.1,1432005
2023-07-04,LTIM,5209.9,5275.35,5145.0,5250.55,384232
2023-07-03,LTIM,5226.0,5230.0,5137.0,5211.35,364676
2023-06-30,LTIM,5125.0,5230.0,5114.0,5197.2,581634
2023-06-28,LTIM,5209.0,5210.0,5063.05,5088.9,700215
2023-06-27,LTIM,5015.0,5194.4,4979.45,5163.05,771183
2023-06-26,LTIM,4954.9,5018.85,4926.05,5007.3,234908
2023-06-23,LTIM,4999.95,5010.9,4910.85,4956.65,263039
2023-06-22,LTIM,5024.8,5037.6,4971.0,5026.05,248629
2023-06-21,LTIM,5045.0,5078.0,4968.35,5000.5,335601
2023-06-20,LTIM,5068.0,5070.35,4957.3,5022.15,372934
2023-06-19,LTIM,5011.0,5144.0,5007.0,5049.95,770658
2023-06-16,LTIM,5000.35,5093.0,4952.1,5010.6,689468
2023-06-15,LTIM,4903.35,5020.0,4881.05,4971.15,452221
2023-06-14,LTIM,4944.95,4958.95,4870.75,4906.7,361987
2023-06-13,LTIM,4930.1,4966.85,4902.0,4944.95,263147
2023-06-12,LTIM,4823.05,4938.0,4790.85,4899.35,337136
2023-06-09,LTIM,4812.0,4836.25,4776.1,4823.05,274316
2023-06-08,LTIM,4895.0,4897.0,4797.1,4805.2,415304
2023-06-07,LTIM,4915.0,4938.75,4860.3,4902.25,286467
2023-06-06,LTIM,4890.0,4915.45,4800.0,4884.85,920055
2023-06-05,LTIM,5010.0,5029.95,4930.1,4943.2,156817
2023-06-02,LTIM,5020.0,5020.0,4980.0,4994.15,269222
2023-06-01,LTIM,5018.75,5040.0,4957.55,4969.3,320472
2023-05-31,LTIM,4989.05,5027.75,4951.45,4998.4,512681
2023-05-30,LTIM,4999.0,5020.15,4970.35,4991.25,306273
2023-05-29,LTIM,5043.0,5054.7,4976.2,4988.9,303516
2023-05-26,LTIM,4925.0,5019.0,4925.0,5001.1,443908
2023-05-25,LTIM,4850.0,4924.25,4791.55,4910.55,289085
2023-05-24,LTIM,4829.0,4878.8,4781.8,4826.35,501671
2023-05-23,LTIM,4988.0,5015.0,4839.35,4857.85,447041
2023-05-22,LTIM,4817.0,5015.4,4810.0,4987.45,569846
2023-05-19,LTIM,4751.65,4843.25,4730.15,4803.0,527489
2023-05-18,LTIM,4749.8,4777.65,4701.0,4712.8,246516
2023-05-17,LTIM,4744.0,4757.0,4681.0,4739.9,185117
2023-05-16,LTIM,4720.0,4790.0,4715.0,4736.05,254021
2023-05-15,LTIM,4682.0,4717.0,4657.0,4707.15,162309
2023-05-12,LTIM,4640.0,4721.95,4614.05,4687.2,232055
2023-05-11,LTIM,4665.0,4685.95,4628.95,4658.2,272084
2023-05-10,LTIM,4637.95,4638.0,4571.45,4594.7,246174
2023-05-09,LTIM,4533.4,4666.6,4520.0,4622.65,535062
2023-05-08,LTIM,4520.0,4535.0,4490.0,4517.8,172189
2023-05-05,LTIM,4498.0,4550.0,4474.05,4487.85,217630
2023-05-04,LTIM,4480.8,4522.95,4466.05,4501.05,331451
2023-05-03,LTIM,4538.25,4544.0,4458.45,4498.0,404872
2023-05-02,LTIM,4430.95,4615.0,4424.05,4548.25,757405
2023-04-28,LTIM,4335.0,4443.45,4284.45,4419.45,1138300
2023-04-27,LTIM,4185.0,4351.65,4163.35,4320.15,888098
2023-04-26,LTIM,4180.0,4217.05,4153.05,4160.15,496132
2023-04-25,LTIM,4210.0,4219.95,4175.45,4186.4,299754
2023-04-24,LTIM,4199.0,4212.3,4148.2,4183.45,280999
2023-04-21,LTIM,4162.15,4213.9,4132.2,4170.85,480473
2023-04-20,LTIM,4194.0,4241.95,4136.1,4152.85,548732
2023-04-19,LTIM,4318.6,4360.0,4178.05,4194.55,823131
2023-04-18,LTIM,4362.85,4365.0,4235.4,4318.6,771432
2023-04-17,LTIM,4482.0,4490.0,4181.8,4332.6,1763639
2023-04-13,LTIM,4790.0,4790.0,4615.55,4646.4,912484
2023-04-12,LTIM,4774.95,4837.0,4750.0,4827.7,327375
2023-04-11,LTIM,4800.0,4800.0,4726.2,4772.4,186260
2023-04-10,LTIM,4784.0,4808.5,4754.0,4797.4,220328
2023-04-06,LTIM,4840.0,4840.0,4751.7,4773.25,192083
2023-04-05,LTIM,4739.0,4848.0,4710.8,4833.45,430407
2023-04-03,LTIM,4760.0,4779.0,4700.0,4739.85,257102
2023-03-31,LTIM,4640.0,4777.7,4632.0,4759.65,328337
2023-03-29,LTIM,4567.0,4662.95,4548.85,4620.55,333288
2023-03-28,LTIM,4568.95,4612.45,4516.1,4554.9,313376
2023-03-27,LTIM,4620.0,4663.45,4550.0,4557.7,249140
2023-03-24,LTIM,4648.0,4713.0,4588.9,4601.45,477503
2023-03-23,LTIM,4611.0,4648.0,4542.5,4601.9,400901
2023-03-22,LTIM,4714.95,4795.0,4633.5,4649.75,409812
2023-03-21,LTIM,4694.0,4723.9,4647.25,4674.1,332833
2023-03-20,LTIM,4561.0,4707.0,4561.0,4678.25,317984
2023-03-17,LTIM,4640.0,4785.0,4621.35,4673.95,1180000
2023-03-16,LTIM,4580.0,4604.85,4480.0,4553.05,416508
2023-03-15,LTIM,4581.0,4680.0,4565.9,4592.3,320108
2023-03-14,LTIM,4590.0,4652.3,4483.1,4566.95,410671
2023-03-13,LTIM,4642.95,4716.15,4602.85,4616.0,248598
2023-03-10,LTIM,4680.0,4680.0,4600.1,4640.1,331578
2023-03-09,LTIM,4780.0,4819.0,4720.0,4738.0,225194
2023-03-08,LTIM,4777.0,4798.15,4725.0,4781.45,191475
2023-03-06,LTIM,4760.95,4845.0,4755.0,4821.2,385377
2023-03-03,LTIM,4729.1,4757.0,4686.05,4710.35,297149
2023-03-02,LTIM,4705.0,4729.85,4650.0,4705.55,292898
2023-03-01,LTIM,4722.05,4770.0,4709.4,4743.8,290531
2023-02-28,LTIM,4781.0,4855.0,4698.0,4722.05,500908
2023-02-27,LTIM,4803.55,4837.7,4678.65,4775.0,479625
2023-02-24,LTIM,4875.0,4947.3,4822.5,4853.55,344150
2023-02-23,LTIM,4829.35,4869.1,4765.0,4853.6,422276
2023-02-22,LTIM,4815.0,4815.0,4758.0,4805.3,411601
2023-02-21,LTIM,4911.3,4923.8,4868.0,4878.9,410733
2023-02-20,LTIM,4858.3,4955.5,4841.0,4886.85,693618
2023-02-17,LTIM,4860.0,4908.0,4833.75,4858.3,396974
2023-02-16,LTIM,4773.1,4975.05,4755.15,4948.0,994748
2023-02-15,LTIM,4654.8,4749.0,4587.0,4742.85,488248
2023-02-14,LTIM,4630.0,4715.0,4625.1,4636.65,318114
2023-02-13,LTIM,4690.0,4693.0,4552.0,4621.0,253166
2023-02-10,LTIM,4684.0,4700.0,4650.5,4691.6,252444
2023-02-09,LTIM,4680.0,4741.5,4661.5,4695.65,553507
2023-02-08,LTIM,4630.0,4727.95,4617.3,4714.7,610010
2023-02-07,LTIM,4582.0,4627.6,4561.65,4594.25,312037
2023-02-06,LTIM,4490.0,4612.45,4440.25,4596.05,528238
2023-02-03,LTIM,4640.0,4640.0,4410.0,4502.2,646511
2023-02-02,LTIM,4395.0,4595.0,4395.0,4587.75,902731
2023-02-01,LTIM,4393.0,4429.8,4331.05,4388.1,363833
2023-01-31,LTIM,4448.3,4458.0,4344.9,4368.55,486171
2023-01-30,LTIM,4399.0,4464.0,4340.0,4448.9,745273
2023-01-27,LTIM,4400.0,4467.95,4366.0,4399.05,449822
2023-01-25,LTIM,4490.0,4505.0,4412.8,4430.65,312847
2023-01-24,LTIM,4391.7,4544.95,4374.8,4509.45,1009385
2023-01-23,LTIM,4139.95,4401.0,4121.0,4368.85,1266347
2023-01-20,LTIM,4205.05,4347.0,4205.05,4268.05,449630
2023-01-19,LTIM,4252.0,4279.35,4223.0,4238.75,233112
2023-01-18,LTIM,4295.35,4301.25,4256.0,4273.75,205896
2023-01-17,LTIM,4281.0,4304.95,4247.55,4274.25,225154
2023-01-16,LTIM,4298.5,4309.45,4211.7,4277.0,347903
2023-01-13,LTIM,4273.9,4293.45,4146.5,4287.45,437340
2023-01-12,LTIM,4255.0,4295.0,4241.0,4276.15,252469
2023-01-11,LTIM,4252.8,4299.0,4211.0,4225.5,243019
2023-01-10,LTIM,4296.0,4298.95,4215.05,4231.6,225477
2023-01-09,LTIM,4230.15,4327.0,4230.15,4295.25,388187
2023-01-06,LTIM,4250.0,4279.45,4180.0,4197.6,264197
2023-01-05,LTIM,4290.0,4299.0,4250.05,4260.2,218691
2023-01-04,LTIM,4311.0,4322.0,4265.2,4277.95,428917
2023-01-03,LTIM,4334.0,4364.7,4318.65,4349.15,191007
2023-01-02,LTIM,4365.4,4385.85,4294.7,4322.1,268574
2022-12-30,LTIM,4430.0,4469.95,4354.15,4365.4,317547
2022-12-29,LTIM,4307.1,4455.0,4280.0,4420.2,1092863
2022-12-28,LTIM,4367.0,4395.0,4306.2,4332.0,312640
2022-12-27,LTIM,4370.7,4415.6,4355.55,4390.45,245105
2022-12-26,LTIM,4261.0,4354.45,4242.6,4348.95,248624
2022-12-23,LTIM,4300.0,4343.3,4225.0,4266.55,429859
2022-12-22,LTIM,4444.0,4474.0,4350.0,4378.5,334180
2022-12-21,LTIM,4384.05,4456.4,4375.0,4424.25,644975
2022-12-20,LTIM,4350.0,4370.0,4295.0,4362.2,217063
2022-12-19,LTIM,4261.0,4380.0,4261.0,4372.6,435967
2022-12-16,LTIM,4285.0,4388.95,4229.05,4336.35,728348
2022-12-15,LTIM,4446.0,4450.0,4316.0,4331.3,476697
2022-12-14,LTIM,4354.95,4465.0,4350.0,4443.15,881860
2022-12-13,LTIM,4368.0,4380.95,4310.65,4317.8,640427
2022-12-12,LTIM,4380.0,4390.0,4281.0,4330.95,671381
2022-12-09,LTIM,4590.0,4606.05,4393.15,4401.75,720644
2022-12-08,LTIM,4690.0,4698.85,4550.9,4558.8,705770
2022-12-07,LTIM,4815.4,4815.4,4672.6,4687.6,622933
2022-12-06,LTIM,4951.0,4951.0,4800.0,4815.55,529007
2022-12-05,LTIM,5080.0,5107.75,4970.0,4975.4,286244
2022-12-02,LTIM,5024.0,5125.0,4970.0,5065.75,783131
2022-12-01,LTIM,4911.0,5077.95,4901.0,5010.45,1343248
2022-11-30,LTIM,4912.0,4938.0,4820.0,4838.55,647389
2022-11-29,LTIM,4934.75,4961.8,4902.0,4912.15,156295
2022-11-28,LTIM,4930.0,5014.45,4907.0,4941.3,288290
2022-11-25,LTIM,4965.0,4971.95,4905.0,4938.3,259072
2022-11-24,LTIM,4767.95,4985.0,4745.5,4945.55,549567
2022-11-23,LTIM,4781.5,4817.4,4693.0,4742.05,309325
2022-11-22,LTIM,4755.0,4799.0,4725.0,4756.15,535654
2022-11-21,LTIM,4899.0,4899.0,4756.85,4766.85,304871
2022-11-18,LTIM,4934.95,5024.0,4851.05,4895.9,460492
2022-11-17,LTIM,5028.0,5028.0,4858.6,4930.0,451474
2022-11-16,LTIM,5140.0,5218.65,5003.0,5048.05,426335
2022-11-15,LTIM,5210.0,5360.0,5096.0,5135.45,1013747
2022-11-14,LTIM,5096.0,5188.0,5076.0,5155.7,664125
2022-11-11,LTIM,4972.0,5075.0,4930.1,5058.0,771362
2022-11-10,LTIM,4788.45,4904.9,4788.45,4862.5,307460
2022-11-09,LTIM,4850.2,4896.75,4801.65,4837.05,222628
2022-11-07,LTIM,4830.95,4874.15,4792.65,4860.45,161003
2022-11-04,LTIM,4815.0,4832.7,4750.55,4806.9,210847
2022-11-03,LTIM,4797.9,4845.95,4775.55,4839.0,123015
2022-11-02,LTIM,4845.0,4868.0,4790.5,4859.85,172526
2022-11-01,LTIM,4735.05,4855.0,4735.05,4845.65,271134
2022-10-31,LTIM,4630.0,4750.0,4625.15,4739.85,284185
2022-10-28,LTIM,4676.25,4693.95,4555.2,4584.15,279801
2022-10-27,LTIM,4771.15,4799.85,4653.05,4676.25,327850
2022-10-25,LTIM,4748.0,4820.0,4715.0,4809.7,223452
2022-10-24,LTIM,4798.95,4798.95,4717.25,4738.3,27128
2022-10-21,LTIM,4745.2,4780.05,4721.8,4765.25,163643
2022-10-20,LTIM,4694.0,4767.0,4660.05,4758.6,213951
2022-10-19,LTIM,4740.7,4740.7,4668.0,4694.6,151545
2022-10-18,LTIM,4694.0,4787.8,4672.0,4722.4,317650
2022-10-17,LTIM,4689.95,4689.95,4576.0,4641.85,290860
2022-10-14,LTIM,4730.0,4816.0,4630.0,4668.55,837508
2022-10-13,LTIM,4615.0,4640.05,4560.5,4596.8,286696
2022-10-12,LTIM,4608.1,4654.5,4555.95,4642.3,272767
2022-10-11,LTIM,4727.0,4756.9,4581.35,4604.7,332326
2022-10-10,LTIM,4570.0,4714.95,4545.8,4697.5,236016
2022-10-07,LTIM,4670.0,4684.9,4608.0,4645.25,205622
2022-10-06,LTIM,4615.0,4678.75,4610.5,4666.3,277078
2022-10-04,LTIM,4535.0,4597.5,4499.0,4588.1,282151
2022-10-03,LTIM,4457.0,4500.0,4378.0,4450.7,243677
2022-09-30,LTIM,4420.0,4479.8,4312.6,4457.85,410491
2022-09-29,LTIM,4550.0,4596.65,4387.5,4440.25,466182
2022-09-28,LTIM,4499.0,4563.0,4460.15,4526.15,374946
2022-09-27,LTIM,4433.0,4542.0,4377.0,4513.05,353988
2022-09-26,LTIM,4377.0,4485.0,4284.45,4410.9,337094
2022-09-23,LTIM,4411.0,4520.0,4402.0,4417.9,346327
2022-09-22,LTIM,4375.0,4465.0,4362.0,4431.8,331517
2022-09-21,LTIM,4385.0,4477.0,4369.7,4410.9,283595
2022-09-20,LTIM,4400.0,4496.25,4390.6,4405.75,311399
2022-09-19,LTIM,4388.0,4390.0,4261.35,4354.2,332316
2022-09-16,LTIM,4570.0,4570.0,4352.7,4379.5,516498
2022-09-15,LTIM,4630.0,4664.5,4534.0,4596.45,304309
2022-09-14,LTIM,4608.0,4642.2,4545.0,4618.35,568515
2022-09-13,LTIM,4845.2,4850.0,4746.05,4777.9,313539
2022-09-12,LTIM,4739.0,4838.0,4707.55,4812.1,755745
2022-09-09,LTIM,4545.0,4699.95,4508.0,4673.6,482895
2022-09-08,LTIM,4569.0,4572.95,4509.7,4523.45,210685
2022-09-07,LTIM,4430.0,4526.0,4415.45,4510.25,228545
2022-09-06,LTIM,4526.0,4544.85,4450.5,4461.1,245531
2022-09-05,LTIM,4517.5,4573.5,4486.5,4496.5,216426
2022-09-02,LTIM,4569.9,4599.0,4510.0,4522.0,176676
2022-09-01,LTIM,4570.0,4600.0,4513.0,4533.85,241724
2022-08-30,LTIM,4540.0,4660.65,4505.0,4641.7,404437
2022-08-29,LTIM,4451.0,4540.0,4400.0,4471.85,346911
2022-08-26,LTIM,4680.0,4747.45,4651.0,4658.95,256985
2022-08-25,LTIM,4697.0,4724.95,4620.0,4631.7,253146
2022-08-24,LTIM,4687.0,4706.0,4626.1,4658.4,197958
2022-08-23,LTIM,4624.9,4710.0,4580.9,4664.8,391813
2022-08-22,LTIM,4872.0,4873.95,4710.0,4721.7,286006
2022-08-19,LTIM,4928.0,5019.95,4870.0,4892.7,464374
2022-08-18,LTIM,4939.0,4939.0,4852.1,4924.15,254556
2022-08-17,LTIM,4893.0,4999.0,4887.0,4961.05,330123
2022-08-16,LTIM,4980.0,4983.5,4880.0,4887.0,244252
2022-08-12,LTIM,5013.0,5013.0,4896.0,4911.4,248304
2022-08-11,LTIM,4930.0,5046.0,4925.0,5001.5,447931
2022-08-10,LTIM,4920.0,4929.0,4786.5,4856.6,231234
2022-08-08,LTIM,4930.0,4959.9,4876.0,4900.2,191049
2022-08-05,LTIM,4933.75,4958.65,4895.5,4925.35,306170
2022-08-04,LTIM,4840.0,4915.45,4787.9,4905.25,583827
2022-08-03,LTIM,4685.0,4822.0,4680.0,4785.95,724743
2022-08-02,LTIM,4729.95,4742.5,4671.0,4691.0,360188
2022-08-01,LTIM,4760.0,4803.25,4680.0,4769.05,328694
2022-07-29,LTIM,4680.0,4835.0,4650.0,4730.75,777901
2022-07-28,LTIM,4460.0,4660.05,4450.1,4649.1,824934
2022-07-27,LTIM,4313.9,4424.95,4273.6,4412.9,345740
2022-07-26,LTIM,4509.0,4511.0,4305.45,4313.9,469178
2022-07-25,LTIM,4482.0,4530.1,4460.6,4500.8,421761
2022-07-22,LTIM,4535.5,4559.9,4480.05,4504.8,457298
2022-07-21,LTIM,4444.65,4538.0,4396.35,4529.95,741668
2022-07-20,LTIM,4380.95,4460.0,4338.85,4444.65,871377
2022-07-19,LTIM,4185.0,4334.95,4157.6,4310.95,1109853
2022-07-18,LTIM,4008.0,4238.35,4000.0,4215.75,1112673
2022-07-15,LTIM,3873.6,4015.0,3846.0,3974.55,1269258
2022-07-14,LTIM,4080.0,4088.95,3833.15,3873.6,763471
2022-07-13,LTIM,4024.9,4055.0,3956.0,4015.45,420839
2022-07-12,LTIM,3939.9,4058.55,3924.05,3985.05,472230
2022-07-11,LTIM,4005.0,4019.95,3890.0,3955.5,478264
2022-07-08,LTIM,4089.95,4120.0,4030.05,4067.85,280222
2022-07-07,LTIM,4060.0,4117.6,4011.9,4045.25,408992
2022-07-06,LTIM,3960.0,4039.0,3959.0,4012.8,319962
2022-07-05,LTIM,4012.5,4046.15,3950.0,3959.1,274199
2022-07-04,LTIM,4020.05,4041.9,3930.0,3976.15,201981
2022-07-01,LTIM,3945.0,4015.95,3905.25,4000.8,268702
2022-06-30,LTIM,4088.0,4108.8,3961.0,3975.45,374541
2022-06-29,LTIM,4160.0,4204.0,4065.25,4086.9,386244
2022-06-28,LTIM,4117.2,4234.95,4076.0,4222.6,299984
2022-06-27,LTIM,4133.7,4204.0,4092.95,4163.3,312125
2022-06-24,LTIM,4194.95,4208.15,4007.0,4033.75,368631
2022-06-23,LTIM,4050.0,4146.0,4015.05,4133.0,274113
2022-06-22,LTIM,4115.0,4115.0,4005.6,4021.95,237650
2022-06-21,LTIM,4002.0,4146.6,3980.1,4118.45,309393
2022-06-20,LTIM,4037.0,4057.5,3900.0,3956.85,260560
2022-06-17,LTIM,4025.0,4094.9,3962.3,4003.3,355025
2022-06-16,LTIM,4380.0,4380.0,4035.2,4061.3,519669
2022-06-15,LTIM,4216.0,4242.95,4165.3,4201.85,202139
2022-06-14,LTIM,4020.0,4209.95,4020.0,4191.2,553323
2022-06-13,LTIM,4138.85,4217.05,4074.1,4086.9,430669
2022-06-10,LTIM,4310.0,4351.25,4265.0,4331.45,266771
2022-06-09,LTIM,4275.0,4384.95,4242.65,4370.7,318613
2022-06-08,LTIM,4289.0,4336.8,4232.0,4315.1,266121
2022-06-07,LTIM,4300.0,4327.9,4230.0,4266.7,218604
2022-06-06,LTIM,4318.7,4354.05,4216.0,4335.1,322336
2022-06-03,LTIM,4380.0,4455.0,4315.5,4335.05,634553
2022-06-02,LTIM,4178.0,4350.6,4169.9,4333.6,662287
2022-06-01,LTIM,4274.85,4297.5,4180.0,4203.3,540298
2022-05-31,LTIM,4209.8,4278.0,4138.45,4253.7,687879
2022-05-30,LTIM,4080.0,4215.0,4051.05,4191.1,586924
2022-05-27,LTIM,3950.0,4007.7,3892.05,3998.0,461722
2022-05-26,LTIM,3850.0,3901.95,3733.3,3874.25,480870
2022-05-25,LTIM,4000.0,4004.3,3805.0,3823.7,717220
2022-05-24,LTIM,4160.0,4183.95,3988.3,4010.15,491561
2022-05-23,LTIM,4052.0,4170.1,4010.85,4147.15,437040
2022-05-20,LTIM,4080.0,4085.0,3983.25,4043.5,494449
2022-05-19,LTIM,4090.0,4116.8,3960.0,3991.85,776622
2022-05-18,LTIM,4325.0,4419.7,4174.55,4214.0,935441
2022-05-17,LTIM,4105.0,4300.6,4100.0,4281.85,792352
2022-05-16,LTIM,4125.0,4174.25,4054.2,4094.8,488253
2022-05-13,LTIM,4225.0,4277.75,4088.15,4110.7,574894
2022-05-12,LTIM,4188.0,4310.0,4082.0,4160.95,655789
2022-05-11,LTIM,4332.15,4390.0,4105.7,4250.75,717491
2022-05-10,LTIM,4480.0,4491.5,4318.0,4332.15,590200
2022-05-09,LTIM,4549.0,4746.9,4413.0,4448.9,1042480
2022-05-06,LTIM,4680.0,4704.05,4486.0,4593.0,682606
2022-05-05,LTIM,4800.0,4823.95,4746.0,4765.2,240462
2022-05-04,LTIM,4750.0,4811.05,4680.0,4738.15,415254
2022-05-02,LTIM,4800.0,4800.0,4670.0,4716.65,414490
2022-04-29,LTIM,4935.0,4955.0,4822.6,4839.05,390073
2022-04-28,LTIM,4888.0,4974.0,4785.0,4886.05,517809
2022-04-27,LTIM,4779.6,4855.0,4713.1,4816.95,564255
2022-04-26,LTIM,4918.0,4930.15,4780.8,4817.1,718852
2022-04-25,LTIM,5080.0,5080.0,4835.0,4856.05,739432
2022-04-22,LTIM,5054.0,5194.0,5002.0,5093.85,691316
2022-04-21,LTIM,5249.9,5249.95,4991.2,5076.95,2007738
2022-04-20,LTIM,5454.0,5459.95,5100.0,5170.3,1681039
2022-04-19,LTIM,5899.0,5923.6,5365.4,5472.35,1130004
2022-04-18,LTIM,5901.0,6069.35,5801.2,5873.65,744191
2022-04-13,LTIM,5915.0,6088.0,5851.0,6038.8,310273
2022-04-12,LTIM,6000.0,6019.85,5801.0,5910.55,450430
2022-04-11,LTIM,6153.0,6180.4,5980.0,6059.75,362950
2022-04-08,LTIM,6216.0,6256.75,6091.0,6153.2,281009
2022-04-07,LTIM,6265.0,6346.9,6190.0,6206.25,238341
2022-04-06,LTIM,6330.0,6389.95,6246.15,6325.5,283948
2022-04-05,LTIM,6375.0,6430.0,6301.55,6337.6,331358
2022-04-04,LTIM,6211.0,6338.0,6195.05,6300.35,234871
2022-04-01,LTIM,6148.95,6219.9,6080.0,6173.5,306433
2022-03-31,LTIM,6315.0,6330.0,6140.0,6155.4,284013
2022-03-30,LTIM,6090.0,6329.45,6061.45,6310.35,440177
2022-03-29,LTIM,6100.0,6140.0,5992.45,6024.25,207146
2022-03-28,LTIM,6183.2,6183.2,5921.35,6071.4,268188
2022-03-25,LTIM,6212.0,6221.0,6100.0,6183.25,182884
2022-03-24,LTIM,6069.9,6201.8,6050.0,6177.35,293186
2022-03-23,LTIM,6147.0,6175.0,6055.0,6072.8,162694
2022-03-22,LTIM,6000.0,6150.0,5960.05,6117.55,249080
2022-03-21,LTIM,6189.9,6189.9,5977.5,5992.4,355524
2022-03-17,LTIM,6099.95,6199.0,6030.0,6113.85,651022
2022-03-16,LTIM,6193.85,6193.85,6005.1,6025.7,340735
2022-03-15,LTIM,6260.0,6299.0,6002.0,6037.8,435081
2022-03-14,LTIM,6230.0,6299.95,6200.35,6272.35,229657
2022-03-11,LTIM,6250.0,6267.0,6105.0,6224.2,281687
2022-03-10,LTIM,6475.0,6475.0,6235.0,6285.6,458366
2022-03-09,LTIM,6522.0,6524.8,6356.9,6374.55,289547
2022-03-08,LTIM,6191.0,6457.2,6165.0,6437.75,388105
2022-03-07,LTIM,6010.0,6244.95,5948.75,6212.75,378431
2022-03-04,LTIM,5980.0,6279.0,5912.6,6108.65,549363
2022-03-03,LTIM,5966.0,6039.0,5885.0,6016.5,419327
2022-03-02,LTIM,5850.0,5879.0,5755.2,5861.3,221723
2022-02-28,LTIM,5685.3,5867.0,5590.0,5849.8,277884
2022-02-25,LTIM,5732.0,5805.0,5648.6,5715.3,355116
2022-02-24,LTIM,5769.0,5787.25,5580.0,5600.95,403007
2022-02-23,LTIM,6026.0,6073.3,5878.5,5911.8,246058
2022-02-22,LTIM,5730.0,6015.0,5698.0,5991.05,317699
2022-02-21,LTIM,5850.0,5920.0,5738.8,5861.3,129520
2022-02-18,LTIM,5891.0,5948.0,5850.0,5860.65,170126
2022-02-17,LTIM,6000.05,6020.0,5920.1,5934.2,185919
2022-02-16,LTIM,6160.0,6161.0,5966.0,6002.9,222936
2022-02-15,LTIM,5975.0,6110.0,5887.85,6102.65,204594
2022-02-14,LTIM,5800.0,5992.6,5670.1,5885.35,394155
2022-02-11,LTIM,6160.0,6201.8,5976.0,5999.85,424193
2022-02-10,LTIM,6339.9,6340.0,6250.0,6317.4,141271
2022-02-09,LTIM,6160.0,6319.85,6160.0,6290.7,232924
2022-02-08,LTIM,6140.0,6220.0,6029.05,6143.95,183679
2022-02-07,LTIM,6289.8,6330.0,6084.2,6127.65,157433
2022-02-04,LTIM,6150.0,6300.0,6108.3,6282.0,219167
2022-02-03,LTIM,6378.0,6378.0,6179.6,6198.3,224304
2022-02-02,LTIM,6330.0,6421.95,6280.0,6396.75,303718
2022-02-01,LTIM,6390.0,6432.3,6210.6,6295.4,435210
2022-01-31,LTIM,6070.0,6320.0,6009.0,6270.35,746524
2022-01-28,LTIM,5760.0,6094.0,5760.0,5911.55,720772
2022-01-27,LTIM,6000.0,6000.0,5722.0,5745.7,548141
2022-01-25,LTIM,5826.0,6067.45,5750.0,6034.15,528975
2022-01-24,LTIM,6408.0,6495.0,5826.0,5969.1,632383
2022-01-21,LTIM,6575.0,6589.9,6346.05,6393.8,538820
2022-01-20,LTIM,6949.8,6982.25,6570.15,6606.45,977600
2022-01-19,LTIM,6700.0,6738.0,6550.0,6697.05,555061
2022-01-18,LTIM,7077.0,7158.8,6850.0,6869.5,212064
2022-01-17,LTIM,7077.7,7127.8,6976.1,7103.0,212781
2022-01-14,LTIM,7087.2,7141.95,7030.25,7078.35,291638
2022-01-13,LTIM,7199.95,7240.0,7085.65,7132.6,198001
2022-01-12,LTIM,7229.95,7229.95,7135.5,7170.75,242957
2022-01-11,LTIM,7100.0,7235.0,7051.0,7174.15,401888
2022-01-10,LTIM,7297.0,7315.9,7085.0,7103.55,241841
2022-01-07,LTIM,7200.0,7280.0,7180.3,7205.45,417838
2022-01-06,LTIM,7250.0,7269.85,7134.45,7191.25,559885
2022-01-05,LTIM,7530.0,7549.45,7282.4,7317.1,376964
2022-01-04,LTIM,7550.0,7588.8,7436.1,7561.75,273052
2022-01-03,LTIM,7338.0,7570.0,7338.0,7532.85,311684
2021-12-31,LTIM,7324.8,7362.0,7252.2,7332.0,194116
2021-12-30,LTIM,7281.9,7347.65,7228.05,7292.5,258400
2021-12-29,LTIM,7263.8,7293.7,7205.0,7263.1,155943
2021-12-28,LTIM,7217.0,7300.0,7202.05,7271.95,206301
2021-12-27,LTIM,7194.8,7225.0,7050.0,7181.25,380141
2021-12-24,LTIM,7071.0,7185.0,7070.0,7166.55,363446
2021-12-23,LTIM,7200.0,7203.6,6991.55,7033.5,405769
2021-12-22,LTIM,7018.0,7197.9,7010.3,7126.0,431510
2021-12-21,LTIM,6766.0,7032.3,6740.0,6976.45,427382
2021-12-20,LTIM,6906.0,6937.45,6610.0,6736.05,416395
2021-12-17,LTIM,6917.2,7129.3,6867.1,6978.3,865305
2021-12-16,LTIM,6774.0,6850.0,6721.15,6839.55,355537
2021-12-15,LTIM,6685.0,6714.4,6565.0,6675.65,241189
2021-12-14,LTIM,6788.0,6788.0,6641.75,6670.05,264969
2021-12-13,LTIM,6664.0,6891.5,6600.0,6770.6,404491
2021-12-10,LTIM,6610.0,6629.95,6464.1,6613.2,380321
2021-12-09,LTIM,6590.0,6674.7,6553.05,6606.1,236607
2021-12-08,LTIM,6639.0,6720.0,6606.05,6647.8,335995
2021-12-07,LTIM,6650.0,6684.95,6493.0,6556.4,253149
2021-12-06,LTIM,6866.4,6866.4,6520.8,6556.05,317321
2021-12-03,LTIM,6969.0,6999.0,6835.15,6848.85,286743
2021-12-02,LTIM,6920.0,6977.8,6784.0,6948.75,303243
2021-12-01,LTIM,6820.0,6929.75,6816.15,6912.2,199325
2021-11-30,LTIM,6814.0,6949.95,6755.25,6809.7,299419
2021-11-29,LTIM,6530.0,6792.0,6392.35,6748.55,249304
2021-11-26,LTIM,6865.0,6865.0,6616.15,6648.3,171743
2021-11-25,LTIM,6760.0,6880.0,6712.4,6849.8,158382
2021-11-24,LTIM,6940.0,7002.55,6720.0,6749.05,336544
2021-11-23,LTIM,6789.95,6949.0,6600.0,6927.35,246188
2021-11-22,LTIM,7099.0,7099.0,6753.45,6829.6,353527
2021-11-18,LTIM,7399.0,7411.8,7121.2,7147.65,310851
2021-11-17,LTIM,7274.0,7564.95,7240.0,7397.05,571581
2021-11-16,LTIM,7189.0,7325.0,7180.0,7291.3,304970
2021-11-15,LTIM,7278.9,7303.5,7166.0,7197.35,179625
2021-11-12,LTIM,7000.0,7266.0,6954.4,7243.25,594614
2021-11-11,LTIM,6839.0,6999.9,6763.05,6948.75,174895
2021-11-10,LTIM,6820.0,6917.95,6786.0,6835.8,137693
2021-11-09,LTIM,6849.0,6932.2,6758.2,6839.65,228146
2021-11-08,LTIM,6786.0,6878.8,6680.0,6827.9,252226
2021-11-04,LTIM,6797.0,6805.9,6750.05,6765.0,24255
2021-11-03,LTIM,6730.0,6800.0,6644.4,6736.05,203300
2021-11-02,LTIM,6824.0,6908.0,6736.15,6752.9,220667
2021-11-01,LTIM,6720.0,6835.0,6661.0,6802.15,294832
2021-10-29,LTIM,6700.0,6829.85,6610.0,6682.3,280562
2021-10-28,LTIM,6694.0,6855.0,6643.65,6689.35,568697
2021-10-27,LTIM,6570.0,6689.0,6546.55,6658.55,313943
2021-10-26,LTIM,6450.0,6608.85,6420.0,6506.65,363082
2021-10-25,LTIM,6555.0,6586.7,6264.2,6411.45,386502
2021-10-22,LTIM,6660.0,6773.95,6472.05,6543.5,499076
2021-10-21,LTIM,6979.0,7051.4,6550.25,6653.3,633550
2021-10-20,LTIM,6806.0,7155.0,6500.0,6940.15,1863489
2021-10-19,LTIM,6444.0,7063.35,6380.0,6855.15,3798353
2021-10-18,LTIM,6144.0,6233.15,5858.8,5905.85,703972
2021-10-14,LTIM,6060.0,6273.15,6030.0,6098.9,485930
2021-10-13,LTIM,5838.0,5997.0,5831.2,5951.35,183586
2021-10-12,LTIM,5879.2,5948.95,5720.0,5823.95,262597
2021-10-11,LTIM,5958.25,5958.25,5610.0,5879.15,359610
2021-10-08,LTIM,5848.0,5999.95,5782.0,5983.55,504760
2021-10-07,LTIM,5730.0,5848.0,5710.0,5777.6,299275
2021-10-06,LTIM,5799.0,5799.0,5670.0,5688.85,237547
2021-10-05,LTIM,5755.0,5803.05,5652.05,5765.4,310789
2021-10-04,LTIM,5799.9,5860.0,5680.3,5738.15,264342
2021-10-01,LTIM,5758.0,5800.0,5680.0,5750.8,211279
2021-09-30,LTIM,5760.0,5868.85,5715.0,5765.15,282121
2021-09-29,LTIM,5655.0,5919.95,5635.55,5744.6,783825
2021-09-28,LTIM,6025.0,6025.0,5680.85,5771.35,458096
2021-09-27,LTIM,6300.0,6368.4,5930.0,5980.2,448074
2021-09-24,LTIM,6170.0,6498.5,6100.0,6231.35,1103223
2021-09-23,LTIM,5916.95,6098.0,5860.0,6036.7,280558
2021-09-22,LTIM,5770.1,5880.0,5722.8,5848.3,269591
2021-09-21,LTIM,5600.0,5767.0,5514.7,5739.75,313977
2021-09-20,LTIM,5715.0,5799.0,5476.35,5547.45,240211
2021-09-17,LTIM,5675.3,5782.7,5670.0,5715.25,358488
2021-09-16,LTIM,5687.0,5716.0,5607.95,5672.3,146820
2021-09-15,LTIM,5600.0,5708.0,5540.0,5649.85,322366
2021-09-14,LTIM,5499.9,5670.0,5495.0,5580.4,482838
2021-09-13,LTIM,5438.0,5520.0,5386.0,5488.95,230196
2021-09-09,LTIM,5380.0,5458.7,5354.0,5434.55,121111
2021-09-08,LTIM,5434.0,5449.0,5320.0,5398.3,188426
2021-09-07,LTIM,5444.0,5538.8,5390.0,5404.8,224631
2021-09-06,LTIM,5499.0,5515.0,5414.15,5444.1,191851
2021-09-03,LTIM,5400.0,5499.0,5377.7,5461.25,421953
2021-09-02,LTIM,5282.0,5433.95,5265.75,5389.0,280435
2021-09-01,LTIM,5356.0,5388.2,5268.95,5280.6,199409
2021-08-31,LTIM,5300.0,5375.0,5245.0,5312.45,282387
2021-08-30,LTIM,5270.0,5325.4,5230.1,5272.95,293439
2021-08-27,LTIM,5147.8,5250.0,5100.0,5233.6,331314
2021-08-26,LTIM,5108.3,5216.65,5051.05,5137.7,513667
2021-08-25,LTIM,5027.2,5135.0,4952.05,5087.9,351741
2021-08-24,LTIM,5094.0,5121.0,4960.0,4982.35,291671
2021-08-23,LTIM,4931.0,5107.0,4931.0,5053.1,538165
2021-08-20,LTIM,4901.05,5093.95,4881.95,4918.25,383809
2021-08-18,LTIM,4958.5,5050.0,4910.0,4981.8,403770
2021-08-17,LTIM,4785.0,4975.0,4755.95,4958.85,611602
2021-08-16,LTIM,4845.0,4874.2,4754.0,4774.8,120823
2021-08-13,LTIM,4870.0,4918.2,4857.0,4862.5,167996
2021-08-12,LTIM,4760.0,4912.0,4760.0,4877.05,502105
2021-08-11,LTIM,4805.0,4830.0,4678.0,4754.4,191033
2021-08-10,LTIM,4768.0,4829.25,4725.0,4789.0,136226
2021-08-09,LTIM,4822.9,4854.1,4720.0,4748.35,207846
2021-08-06,LTIM,4735.0,4800.0,4674.0,4762.55,224775
2021-08-05,LTIM,4720.0,4867.95,4675.25,4704.7,566028
2021-08-04,LTIM,4750.0,4750.0,4648.5,4694.9,216436
2021-08-03,LTIM,4707.0,4725.0,4661.0,4720.3,205148
2021-08-02,LTIM,4737.0,4775.35,4684.85,4702.45,248112
2021-07-30,LTIM,4636.0,4727.8,4574.25,4684.35,551524
2021-07-29,LTIM,4388.25,4659.95,4358.0,4639.65,1180829
2021-07-28,LTIM,4348.9,4386.35,4263.0,4357.3,196069
2021-07-27,LTIM,4360.0,4398.7,4278.05,4349.4,146187
2021-07-26,LTIM,4372.0,4400.0,4314.7,4351.4,123859
2021-07-23,LTIM,4411.5,4425.0,4344.0,4361.2,215746
2021-07-22,LTIM,4394.0,4425.0,4365.35,4406.15,331876
2021-07-20,LTIM,4400.0,4461.15,4319.0,4357.6,424083
2021-07-19,LTIM,4269.9,4466.75,4220.0,4379.6,908381
2021-07-16,LTIM,4399.0,4399.0,4251.0,4288.6,921642
2021-07-15,LTIM,4260.15,4600.0,4245.0,4420.25,2524847
2021-07-14,LTIM,4033.35,4228.0,4012.85,4214.75,743692
2021-07-13,LTIM,4035.45,4044.5,3995.0,4017.85,129863
2021-07-12,LTIM,4065.0,4077.9,4013.0,4035.45,142743
2021-07-09,LTIM,4037.9,4072.45,4015.25,4054.1,134881
2021-07-08,LTIM,4038.9,4100.0,4026.15,4042.5,204842
2021-07-07,LTIM,4020.05,4073.7,3990.45,4034.8,125022
2021-07-06,LTIM,4050.0,4080.95,4010.0,4021.25,182484
2021-07-05,LTIM,4044.0,4064.7,4016.0,4046.65,150414
2021-07-02,LTIM,4039.9,4065.55,3988.2,4042.85,267215
2021-07-01,LTIM,4085.55,4096.95,3970.0,4016.8,303755
2021-06-30,LTIM,4119.0,4160.05,4051.05,4071.3,343166
2021-06-29,LTIM,4124.95,4152.0,4087.65,4134.15,226795
2021-06-28,LTIM,4220.0,4225.0,4111.55,4122.15,261465
2021-06-25,LTIM,4200.0,4233.0,4175.0,4215.45,255481
2021-06-24,LTIM,4120.0,4225.0,4085.6,4184.95,258001
2021-06-23,LTIM,4112.4,4170.0,4110.0,4118.9,139644
2021-06-22,LTIM,4079.8,4144.0,4052.0,4110.8,181327
2021-06-21,LTIM,4052.1,4092.9,4008.0,4078.85,108975
2021-06-18,LTIM,4200.0,4233.75,4000.15,4072.5,463743
2021-06-17,LTIM,4199.0,4216.0,4134.4,4170.2,297058
2021-06-16,LTIM,4153.35,4247.85,4125.0,4209.5,505404
2021-06-15,LTIM,4167.5,4201.0,4112.0,4153.35,308870
2021-06-14,LTIM,4215.0,4229.0,4125.65,4167.3,420066
2021-06-11,LTIM,4050.0,4210.0,4040.0,4173.85,651592
2021-06-10,LTIM,3946.0,4042.0,3928.8,4034.85,290365
2021-06-09,LTIM,4020.05,4045.0,3905.05,3936.5,391867
2021-06-08,LTIM,3890.0,4047.1,3784.15,4001.2,662186
2021-06-07,LTIM,3851.25,3907.1,3808.95,3889.8,149995
2021-06-04,LTIM,3849.0,3879.6,3830.0,3856.6,170587
2021-06-03,LTIM,3881.1,3881.1,3812.0,3837.5,199548
2021-06-02,LTIM,3847.95,3850.0,3770.0,3838.45,383860
2021-06-01,LTIM,3956.0,3965.0,3856.8,3890.65,180333
2021-05-31,LTIM,3969.0,3970.0,3911.1,3942.4,186099
2021-05-28,LTIM,3960.0,3994.9,3912.95,3930.45,464949
2021-05-27,LTIM,3818.8,3938.0,3801.0,3924.3,788685
2021-05-26,LTIM,3730.0,3818.0,3689.0,3799.85,364653
2021-05-25,LTIM,3688.0,3744.0,3665.0,3707.5,317127
2021-05-24,LTIM,3685.0,3695.0,3643.0,3664.25,169770
2021-05-21,LTIM,3702.0,3702.4,3635.1,3655.65,259149
2021-05-20,LTIM,3753.9,3766.45,3656.05,3673.75,360209
2021-05-19,LTIM,3670.0,3760.9,3651.05,3747.7,718564
2021-05-18,LTIM,3625.0,3656.85,3588.0,3635.4,655849
2021-05-17,LTIM,3600.0,3600.0,3525.0,3583.65,371290
2021-05-14,LTIM,3698.0,3699.9,3592.0,3598.35,256284
2021-05-12,LTIM,3618.0,3693.0,3615.0,3662.0,307626
2021-05-11,LTIM,3645.45,3654.85,3588.7,3618.85,612773
2021-05-10,LTIM,3798.0,3798.0,3633.8,3665.45,680722
2021-05-07,LTIM,3864.9,3864.9,3752.0,3768.6,269501
2021-05-06,LTIM,3905.0,3905.0,3794.95,3812.35,517358
2021-05-05,LTIM,3903.35,3964.95,3810.3,3915.15,390169
2021-05-04,LTIM,3941.0,3943.95,3835.0,3846.4,249163
2021-05-03,LTIM,3903.0,3940.0,3850.0,3923.6,178549
2021-04-30,LTIM,3840.0,3929.7,3831.0,3890.25,303588
2021-04-29,LTIM,3940.8,3940.8,3830.0,3851.0,257788
2021-04-28,LTIM,3930.0,3947.45,3834.15,3890.85,297881
2021-04-27,LTIM,3965.0,3965.0,3901.0,3909.7,156767
2021-04-26,LTIM,3961.35,3995.95,3901.0,3934.05,152758
2021-04-23,LTIM,3918.0,3990.0,3850.0,3901.05,184712
2021-04-22,LTIM,3986.0,3999.0,3883.0,3915.25,202748
2021-04-20,LTIM,4065.1,4120.0,3915.1,3969.25,269477
2021-04-19,LTIM,4060.0,4090.0,3962.3,4063.35,174917
2021-04-16,LTIM,4095.0,4175.0,4052.3,4089.9,307827
2021-04-15,LTIM,4110.0,4111.6,3962.2,4045.2,265495
2021-04-13,LTIM,4270.0,4323.15,4065.0,4108.25,335455
2021-04-12,LTIM,4380.0,4389.0,4124.15,4257.75,294617
2021-04-09,LTIM,4280.0,4450.0,4275.0,4378.6,379136
2021-04-08,LTIM,4290.0,4387.95,4270.5,4326.05,291750
2021-04-07,LTIM,4225.5,4325.0,4184.05,4298.45,246137
2021-04-06,LTIM,4300.0,4349.9,4234.5,4257.55,286197
2021-04-05,LTIM,4115.0,4296.8,4079.05,4269.5,456022
2021-04-01,LTIM,4082.0,4189.0,4072.3,4112.8,213617
2021-03-31,LTIM,4175.0,4175.0,4022.75,4054.3,229616
2021-03-30,LTIM,3995.0,4244.0,3919.0,4163.0,354360
2021-03-26,LTIM,3865.3,3975.0,3859.4,3947.25,138918
2021-03-25,LTIM,3990.65,3990.65,3784.85,3837.7,269938
2021-03-24,LTIM,4030.0,4065.0,3951.7,3972.2,129661
2021-03-23,LTIM,4120.0,4136.1,4020.5,4034.5,198149
2021-03-22,LTIM,4090.0,4191.95,4075.1,4093.1,251199
2021-03-19,LTIM,3970.0,4095.15,3910.0,4075.1,279744
2021-03-18,LTIM,4070.0,4136.0,3950.0,4007.45,327009
2021-03-17,LTIM,4115.95,4188.75,4020.0,4048.3,319928
2021-03-16,LTIM,4120.0,4198.0,4073.0,4115.95,361187
2021-03-15,LTIM,4048.0,4120.0,3967.0,4087.35,311584
2021-03-12,LTIM,4168.0,4174.95,4000.0,4016.05,354537
2021-03-10,LTIM,3955.0,4150.0,3936.05,4128.95,1096653
2021-03-09,LTIM,3889.0,3920.0,3859.85,3896.5,100893
2021-03-08,LTIM,3870.0,3955.0,3846.0,3866.2,162750
2021-03-05,LTIM,3910.0,3920.0,3820.0,3845.15,132490
2021-03-04,LTIM,3880.3,4015.0,3811.15,3924.7,251366
2021-03-03,LTIM,3868.0,3967.0,3851.0,3911.15,232927
2021-03-02,LTIM,3640.55,3894.0,3627.0,3832.8,394399
2021-03-01,LTIM,3590.0,3695.2,3590.0,3608.05,190862
2021-02-26,LTIM,3625.0,3648.55,3570.0,3599.85,240333
2021-02-25,LTIM,3730.0,3763.8,3640.0,3656.5,251215
2021-02-24,LTIM,3788.35,3825.0,3701.0,3718.75,50985
2021-02-23,LTIM,3800.85,3851.0,3750.0,3754.55,90928
2021-02-22,LTIM,3822.0,3854.95,3775.0,3793.7,63480
2021-02-19,LTIM,3925.0,3925.0,3808.0,3820.65,120226
2021-02-18,LTIM,3839.7,3977.35,3836.05,3871.3,147042
2021-02-17,LTIM,3956.0,3974.55,3867.0,3875.9,105727
2021-02-16,LTIM,4033.95,4058.0,3920.0,3944.95,92060
2021-02-15,LTIM,4060.0,4075.0,4001.0,4032.2,69804
2021-02-12,LTIM,4026.35,4077.7,3990.0,4039.9,65326
2021-02-11,LTIM,3983.0,4049.9,3980.0,4026.35,87408
2021-02-10,LTIM,4075.0,4100.0,3957.8,3999.9,109185
2021-02-09,LTIM,4121.7,4169.85,4046.4,4067.8,90282
2021-02-08,LTIM,4161.8,4165.4,4075.0,4101.9,111277
2021-02-05,LTIM,4301.0,4320.0,4118.6,4124.65,142196
2021-02-04,LTIM,4317.0,4379.95,4252.15,4303.7,146650
2021-02-03,LTIM,4050.0,4347.0,4038.55,4305.5,343177
2021-02-02,LTIM,3977.25,4100.0,3951.0,4038.55,158015
2021-02-01,LTIM,3997.0,4010.0,3905.0,3937.65,128714
2021-01-29,LTIM,4006.6,4048.55,3780.0,3963.9,236889
2021-01-28,LTIM,3990.0,4049.95,3950.0,3970.85,117674
2021-01-27,LTIM,3913.7,4115.0,3850.0,4025.8,349263
2021-01-25,LTIM,3954.0,3995.9,3870.0,3893.85,173743
2021-01-22,LTIM,3970.0,4028.8,3910.0,3929.45,147463
2021-01-21,LTIM,4170.0,4179.95,3960.0,3979.35,193223
2021-01-20,LTIM,4107.0,4240.1,4062.0,4090.95,233400
2021-01-19,LTIM,4087.0,4169.8,4051.7,4091.35,432450
2021-01-18,LTIM,4289.95,4292.0,3968.6,4008.85,194306
2021-01-15,LTIM,4430.0,4483.0,4200.0,4287.85,219119
2021-01-14,LTIM,4420.0,4480.0,4338.0,4390.7,322695
2021-01-13,LTIM,4300.0,4435.0,4271.0,4402.45,376243
2021-01-12,LTIM,4225.25,4444.0,4170.0,4285.15,559357
2021-01-11,LTIM,4150.0,4280.0,4065.0,4245.15,426541
2021-01-08,LTIM,3920.85,4114.0,3920.0,4092.2,582258
2021-01-07,LTIM,3998.05,4029.0,3870.0,3882.9,363617
2021-01-06,LTIM,4147.0,4159.0,3935.0,3956.9,597076
2021-01-05,LTIM,3845.0,4198.9,3803.0,4129.35,840857
2021-01-04,LTIM,3729.6,3909.9,3709.45,3845.35,373949
2021-01-01,LTIM,3653.0,3749.3,3625.05,3699.3,285207
2020-12-31,LTIM,3642.0,3675.0,3611.05,3659.5,263584
2020-12-30,LTIM,3609.95,3674.9,3565.8,3661.15,269551
2020-12-29,LTIM,3651.05,3672.75,3583.15,3609.95,153207
2020-12-28,LTIM,3640.0,3673.9,3581.1,3640.75,165151
2020-12-24,LTIM,3674.95,3674.95,3601.0,3625.6,239343
2020-12-23,LTIM,3575.0,3698.5,3553.0,3674.95,909379
2020-12-22,LTIM,3397.0,3618.0,3318.1,3573.0,867964
2020-12-21,LTIM,3370.0,3449.0,3280.0,3395.45,753013
2020-12-18,LTIM,3325.0,3400.0,3316.15,3356.4,722305
2020-12-17,LTIM,3305.0,3319.0,3288.2,3306.0,282060
2020-12-16,LTIM,3265.5,3315.0,3265.05,3288.95,364862
2020-12-15,LTIM,3235.0,3273.95,3217.55,3263.15,220098
2020-12-14,LTIM,3289.0,3319.0,3211.1,3234.95,264171
2020-12-11,LTIM,3278.75,3295.0,3241.9,3268.65,215585
2020-12-10,LTIM,3270.0,3295.0,3216.7,3251.4,117946
2020-12-09,LTIM,3270.1,3319.9,3255.4,3265.85,142608
2020-12-08,LTIM,3300.0,3329.0,3235.0,3261.45,334352
2020-12-07,LTIM,3250.75,3339.0,3235.0,3270.95,322749
2020-12-04,LTIM,3320.0,3330.0,3256.8,3265.15,251735
2020-12-03,LTIM,3400.0,3400.0,3280.0,3300.65,358686
2020-12-02,LTIM,3347.0,3401.0,3230.0,3393.75,577260
2020-12-01,LTIM,3271.25,3471.35,3202.05,3353.45,865205
2020-11-27,LTIM,3115.35,3250.0,3087.15,3200.45,5781528
2020-11-26,LTIM,3134.4,3179.95,3032.8,3088.9,409436
2020-11-25,LTIM,3368.75,3375.55,3080.2,3108.4,598000
2020-11-24,LTIM,3249.95,3418.0,3233.0,3335.95,817267
2020-11-23,LTIM,3120.0,3289.55,3110.0,3264.15,710638
2020-11-20,LTIM,3008.65,3107.1,2991.15,3091.6,491454
2020-11-19,LTIM,3028.0,3049.8,2954.65,2983.0,274028
2020-11-18,LTIM,3010.0,3107.0,2990.05,3017.55,498558
2020-11-17,LTIM,3050.0,3058.5,2986.0,2997.95,282279
2020-11-14,LTIM,3043.95,3045.0,3009.7,3037.85,21361
2020-11-13,LTIM,2985.0,3063.85,2945.65,3022.05,191905
2020-11-12,LTIM,3000.0,3059.0,2971.0,2983.3,310817
2020-11-11,LTIM,3053.9,3105.0,2900.0,2980.05,670169
2020-11-10,LTIM,3274.55,3277.0,3000.0,3023.8,512059
2020-11-09,LTIM,3204.0,3290.0,3200.0,3279.55,313385
2020-11-06,LTIM,3179.0,3229.9,3140.0,3168.25,263716
2020-11-05,LTIM,3039.05,3189.0,3039.05,3179.0,379717
2020-11-04,LTIM,2950.0,3069.35,2945.0,3039.05,337813
2020-11-03,LTIM,2880.9,2999.0,2865.0,2936.35,311155
2020-11-02,LTIM,2900.0,2955.0,2831.0,2853.1,279552
2020-10-30,LTIM,2933.2,2983.8,2891.0,2918.5,275918
2020-10-29,LTIM,2879.95,2949.9,2826.75,2933.2,356589
2020-10-28,LTIM,2915.0,2948.8,2874.6,2889.2,339973
2020-10-27,LTIM,3026.15,3026.15,2891.05,2898.75,473219
2020-10-26,LTIM,3085.0,3102.0,2975.75,2999.2,191707
2020-10-23,LTIM,3078.9,3105.75,3041.1,3061.15,204880
2020-10-22,LTIM,3111.5,3133.9,3031.15,3052.0,407236
2020-10-21,LTIM,2989.0,3139.0,2989.0,3099.85,968678
2020-10-20,LTIM,3025.0,3092.0,2951.0,2964.8,458862
2020-10-19,LTIM,3090.35,3145.2,2961.2,3015.25,481161
2020-10-16,LTIM,3325.0,3364.5,3025.1,3075.15,796043
2020-10-15,LTIM,3306.2,3389.0,3195.0,3296.45,606071
2020-10-14,LTIM,3260.0,3494.7,3250.0,3330.55,1614848
2020-10-13,LTIM,3155.5,3320.0,3155.5,3249.75,859474
2020-10-12,LTIM,2937.25,3512.7,2936.0,3276.7,1359935
2020-10-09,LTIM,2849.0,2950.0,2814.25,2927.25,357822
2020-10-08,LTIM,2718.0,2959.0,2718.0,2861.4,843440
2020-10-07,LTIM,2690.0,2699.0,2631.1,2667.1,121336
2020-10-06,LTIM,2600.0,2718.0,2595.2,2681.2,234362
2020-10-05,LTIM,2553.5,2590.65,2520.0,2581.1,137708
2020-10-01,LTIM,2565.0,2595.0,2515.2,2527.25,93536
2020-09-30,LTIM,2518.0,2571.0,2504.35,2543.55,219526
2020-09-29,LTIM,2534.7,2561.6,2466.15,2501.5,242930
2020-09-28,LTIM,2489.0,2558.9,2488.95,2536.05,209712
2020-09-25,LTIM,2389.0,2494.9,2370.0,2473.7,270255
2020-09-24,LTIM,2448.5,2518.05,2311.6,2414.4,841246
2020-09-23,LTIM,2618.4,2684.0,2401.0,2448.45,663977
2020-09-22,LTIM,2660.0,2699.95,2502.0,2579.85,340250
2020-09-21,LTIM,2644.0,2734.3,2611.55,2657.05,349426
2020-09-18,LTIM,2750.0,2794.35,2675.0,2706.9,405293
2020-09-17,LTIM,2695.0,2760.0,2675.1,2737.95,478651
2020-09-16,LTIM,2688.0,2700.0,2670.05,2697.6,168792
2020-09-15,LTIM,2651.0,2780.0,2647.95,2690.8,317585
2020-09-14,LTIM,2506.0,2686.15,2500.0,2651.7,869710
2020-09-11,LTIM,2474.0,2510.0,2472.8,2499.4,88596
2020-09-10,LTIM,2470.05,2524.85,2460.1,2472.75,131035
2020-09-09,LTIM,2479.6,2506.7,2412.0,2455.5,122396
2020-09-08,LTIM,2434.0,2508.8,2410.55,2488.35,227660
2020-09-07,LTIM,2475.0,2498.0,2403.0,2410.0,105558
2020-09-04,LTIM,2452.0,2488.15,2427.1,2478.6,206186
2020-09-03,LTIM,2498.95,2517.5,2481.0,2488.25,68058
2020-09-02,LTIM,2500.0,2530.0,2440.0,2479.2,153680
2020-09-01,LTIM,2480.05,2550.0,2451.5,2471.65,329890
2020-08-31,LTIM,2515.0,2530.0,2406.6,2458.35,140050
2020-08-28,LTIM,2500.0,2530.0,2495.1,2519.6,239015
2020-08-27,LTIM,2470.0,2527.7,2455.65,2496.85,306228
2020-08-26,LTIM,2363.65,2498.9,2346.8,2471.65,307900
2020-08-25,LTIM,2343.55,2387.15,2335.05,2343.25,111386
2020-08-24,LTIM,2388.0,2388.0,2329.0,2340.4,95077
2020-08-21,LTIM,2376.3,2395.0,2357.0,2367.55,47908
2020-08-20,LTIM,2380.0,2403.4,2354.75,2373.6,76166
2020-08-19,LTIM,2411.65,2439.55,2380.0,2385.3,218023
2020-08-18,LTIM,2451.2,2459.95,2411.2,2422.15,110602
2020-08-17,LTIM,2451.1,2468.9,2400.9,2440.9,99081
2020-08-14,LTIM,2472.05,2484.05,2425.0,2440.0,88007
2020-08-13,LTIM,2517.95,2517.95,2457.05,2471.85,75354
2020-08-12,LTIM,2500.0,2530.0,2476.0,2496.65,66881
2020-08-11,LTIM,2525.0,2530.0,2463.35,2516.45,280185
2020-08-10,LTIM,2475.0,2524.0,2457.05,2519.3,205400
2020-08-07,LTIM,2475.0,2509.7,2446.05,2467.6,75176
2020-08-06,LTIM,2510.0,2524.95,2431.1,2468.95,169207
2020-08-05,LTIM,2458.0,2529.0,2458.0,2499.8,373104
2020-08-04,LTIM,2500.0,2500.0,2425.0,2448.55,194655
2020-08-03,LTIM,2417.0,2497.9,2413.65,2490.7,400661
2020-07-31,LTIM,2360.05,2435.0,2360.05,2416.8,87331
2020-07-30,LTIM,2420.0,2439.9,2353.25,2386.5,137769
2020-07-29,LTIM,2416.0,2488.6,2396.0,2400.45,272337
2020-07-28,LTIM,2410.0,2470.0,2385.0,2415.7,248944
2020-07-27,LTIM,2261.0,2489.0,2261.0,2427.0,500144
2020-07-24,LTIM,2205.65,2305.0,2205.65,2274.4,154741
2020-07-23,LTIM,2330.65,2359.0,2250.0,2261.95,230141
2020-07-22,LTIM,2300.0,2350.0,2280.0,2330.65,315765
2020-07-21,LTIM,2250.0,2285.0,2245.25,2279.65,99336
2020-07-20,LTIM,2200.0,2257.95,2195.0,2249.7,110407
2020-07-17,LTIM,2308.0,2308.0,2216.0,2264.0,122822
