date,action,stock,price,quantity,value,return_pct,avg_buy_price,strategy
2020-08-14,BUY,BHARTIARTL,518.85,28.910089621277823,15000.0,0.0,518.85,Enhanced_8pct_EMA_Trailing
2020-08-14,BUY,HDFCLIFE,587.75,25.52105487026797,15000.0,0.0,587.75,Enhanced_8pct_EMA_Trailing
2020-08-17,BUY,BPCL,193.45,77.53941586973379,15000.0,0.0,193.45,Enhanced_8pct_EMA_Trailing
2020-08-17,BUY,SBILIFE,842.35,17.807324746245623,15000.0,0.0,842.35,Enhanced_8pct_EMA_Trailing
2020-08-18,BUY,NESTLEIND,1655.45,9.060980398079073,15000.0,0.0,1655.45,Enhanced_8pct_EMA_Trailing
2020-08-19,BUY,LTIM,2385.3,6.288517167651867,15000.0,0.0,2385.3,Enhanced_8pct_EMA_Trailing
2020-09-22,SELL,LTIM,2579.85,6.288517167651867,16223.431014966669,0.0815620676644446,2385.3,Enhanced_8pct_EMA_Trailing
2020-09-22,BUY,INDUSINDBK,544.0,27.573529411764707,15000.0,0.0,544.0,Enhanced_8pct_EMA_Trailing
2020-10-15,SELL,INDUSINDBK,598.0,27.573529411764707,16488.970588235294,0.09926470588235291,544.0,Enhanced_8pct_EMA_Trailing
2020-10-15,BUY,NTPC,79.0,189.873417721519,15000.0,0.0,79.0,Enhanced_8pct_EMA_Trailing
2020-11-03,SELL,NTPC,85.95,189.873417721519,16319.620253164558,0.08797468354430385,79.0,Enhanced_8pct_EMA_Trailing
2020-11-03,BUY,RELIANCE,881.9,17.00873114865631,15000.0,0.0,881.9,Enhanced_8pct_EMA_Trailing
2020-11-11,SELL,RELIANCE,951.9,17.00873114865631,16190.61118040594,0.07937407869372934,881.9,Enhanced_8pct_EMA_Trailing
2020-11-11,BUY,CIPLA,742.35,20.20610224287735,15000.0,0.0,742.35,Enhanced_8pct_EMA_Trailing
2020-11-11,BUY,RELIANCE,951.9,15.75795776867318,15000.0,0.0,951.9,Enhanced_8pct_EMA_Trailing
2020-11-27,SELL,HDFCLIFE,646.8,25.52105487026797,16507.018290089323,0.10046788600595488,587.75,Enhanced_8pct_EMA_Trailing
2020-11-27,BUY,UPL,417.7,35.910940866650705,15000.0,0.0,417.7,Enhanced_8pct_EMA_Trailing
2020-12-01,SELL,NESTLEIND,1741.8,9.060980398079073,15782.415657374127,0.052161043824941834,1655.45,Enhanced_8pct_EMA_Trailing
2020-12-01,BUY,DRREDDY,966.1,15.52634302867198,15000.0,0.0,966.1,Enhanced_8pct_EMA_Trailing
2020-12-10,SELL,UPL,438.45,35.910940866650705,15745.152022983002,0.04967680153220014,417.7,Enhanced_8pct_EMA_Trailing
2020-12-10,BUY,EICHERMOT,2492.65,6.017692014522696,15000.0,0.0,2492.65,Enhanced_8pct_EMA_Trailing
2020-12-21,SELL,DRREDDY,1013.7,15.52634302867198,15739.053928164785,0.04927026187765235,966.1,Enhanced_8pct_EMA_Trailing
2020-12-21,BUY,TATAMOTORS,164.55,91.15770282588878,15000.0,0.0,164.55,Enhanced_8pct_EMA_Trailing
2021-01-15,SELL,CIPLA,823.7,20.20610224287735,16643.766417458075,0.10958442783053833,742.35,Enhanced_8pct_EMA_Trailing
2021-01-15,BUY,ASIANPAINT,2590.9,5.789493998224555,15000.0,0.0,2590.9,Enhanced_8pct_EMA_Trailing
2021-01-18,SELL,SBILIFE,892.9,17.807324746245623,15900.160265922716,0.060010684394847705,842.35,Enhanced_8pct_EMA_Trailing
2021-01-18,BUY,BAJFINANCE,472.0,31.779661016949152,15000.0,0.0,472.0,Enhanced_8pct_EMA_Trailing
2021-01-22,SELL,BHARTIARTL,566.2,28.910089621277823,16368.892743567505,0.09125951623783367,518.85,Enhanced_8pct_EMA_Trailing
2021-01-22,BUY,DIVISLAB,3544.7,4.231669816909752,15000.0,0.0,3544.7,Enhanced_8pct_EMA_Trailing
2021-01-25,SELL,EICHERMOT,2869.55,6.017692014522696,17268.068120273605,0.15120454135157366,2492.65,Enhanced_8pct_EMA_Trailing
2021-01-25,BUY,INDUSINDBK,849.15,17.664723547076488,15000.0,0.0,849.15,Enhanced_8pct_EMA_Trailing
2021-01-27,SELL,BAJFINANCE,484.5,31.779661016949152,15397.245762711864,0.026483050847457584,472.0,Enhanced_8pct_EMA_Trailing
2021-01-27,BUY,ONGC,83.95,178.67778439547348,15000.0,0.0,83.95,Enhanced_8pct_EMA_Trailing
2021-01-29,SELL,TATAMOTORS,262.7,91.15770282588878,23947.12853236098,0.5964752354907321,164.55,Enhanced_8pct_EMA_Trailing
2021-01-29,BUY,TATASTEEL,60.1,249.58402662229616,15000.0,0.0,60.1,Enhanced_8pct_EMA_Trailing
2021-01-29,BUY,DRREDDY,920.55,16.294606485253382,15000.0,0.0,920.55,Enhanced_8pct_EMA_Trailing
2021-02-12,SELL,ONGC,91.25,178.67778439547348,16304.347826086954,0.08695652173913028,83.95,Enhanced_8pct_EMA_Trailing
2021-02-12,BUY,BRITANNIA,3421.25,4.384362440628426,15000.0,0.0,3421.25,Enhanced_8pct_EMA_Trailing
2021-02-15,SELL,TATASTEEL,67.2,249.58402662229616,16772.046589018304,0.11813643926788694,60.1,Enhanced_8pct_EMA_Trailing
2021-02-15,BUY,EICHERMOT,2770.05,5.415064710023285,15000.0,0.0,2770.05,Enhanced_8pct_EMA_Trailing
2021-02-22,SELL,INDUSINDBK,1022.9,17.664723547076488,18069.24571630454,0.20461638108696933,849.15,Enhanced_8pct_EMA_Trailing
2021-02-22,BUY,TCS,2958.45,5.070222582771384,15000.0,0.0,2958.45,Enhanced_8pct_EMA_Trailing
2021-03-09,SELL,BPCL,212.45,77.53941586973379,16473.24890152494,0.09821659343499607,193.45,Enhanced_8pct_EMA_Trailing
2021-03-09,BUY,SHRIRAMFIN,254.05,59.043495374926195,15000.0,0.0,254.05,Enhanced_8pct_EMA_Trailing
2021-03-12,SELL,RELIANCE,1018.8,15.75795776867318,16054.207374724234,0.07028049164828226,951.9,Enhanced_8pct_EMA_Trailing
2021-03-12,BUY,BHARTIARTL,514.55,29.15168593917015,15000.0,0.0,514.55,Enhanced_8pct_EMA_Trailing
2021-04-12,SELL,SHRIRAMFIN,260.2,59.043495374926195,15363.117496555795,0.024207833103719652,254.05,Enhanced_8pct_EMA_Trailing
2021-04-12,BUY,BAJFINANCE,451.0,33.25942350332594,15000.0,0.0,451.0,Enhanced_8pct_EMA_Trailing
2021-04-13,SELL,TCS,3104.05,5.070222582771384,15738.224408051516,0.04921496053676771,2958.45,Enhanced_8pct_EMA_Trailing
2021-04-13,BUY,INDUSINDBK,877.4,17.095965352176886,15000.0,0.0,877.4,Enhanced_8pct_EMA_Trailing
2021-04-15,SELL,BRITANNIA,3692.7,4.384362440628426,16190.135184508586,0.07934234563390577,3421.25,Enhanced_8pct_EMA_Trailing
2021-04-15,BUY,BPCL,191.9,78.1657113079729,15000.0,0.0,191.9,Enhanced_8pct_EMA_Trailing
2021-04-15,BUY,SBIN,342.7,43.77006127808579,15000.0,0.0,342.7,Enhanced_8pct_EMA_Trailing
2021-04-16,SELL,DRREDDY,978.65,16.294606485253382,15946.716636793222,0.06311444245288149,920.55,Enhanced_8pct_EMA_Trailing
2021-04-16,BUY,GRASIM,1347.85,11.12883481099529,15000.0,0.0,1347.85,Enhanced_8pct_EMA_Trailing
2021-05-12,SELL,BAJFINANCE,536.0,33.25942350332594,17827.050997782706,0.18847006651884707,451.0,Enhanced_8pct_EMA_Trailing
2021-05-12,BUY,LTIM,3662.0,4.09612233752048,15000.0,0.0,3662.0,Enhanced_8pct_EMA_Trailing
2021-05-14,SELL,DIVISLAB,4020.55,4.231669816909752,17013.640082376507,0.1342426721584338,3544.7,Enhanced_8pct_EMA_Trailing
2021-05-14,BUY,M&M,741.5,20.229265003371545,15000.0,0.0,741.5,Enhanced_8pct_EMA_Trailing
2021-05-17,SELL,BHARTIARTL,539.5,29.15168593917015,15727.334564182296,0.04848897094548641,514.55,Enhanced_8pct_EMA_Trailing
2021-05-17,BUY,CIPLA,881.2,17.022242396731727,15000.0,0.0,881.2,Enhanced_8pct_EMA_Trailing
2021-05-31,SELL,M&M,807.95,20.229265003371545,16344.234659474041,0.08961564396493607,741.5,Enhanced_8pct_EMA_Trailing
2021-05-31,BUY,SUNPHARMA,668.3,22.445009726170884,15000.0,0.0,668.3,Enhanced_8pct_EMA_Trailing
2021-06-01,SELL,GRASIM,1438.85,11.12883481099529,16012.723967800572,0.06751493118670478,1347.85,Enhanced_8pct_EMA_Trailing
2021-06-01,BUY,TATASTEEL,110.1,136.23978201634878,15000.0,0.0,110.1,Enhanced_8pct_EMA_Trailing
2021-06-07,SELL,CIPLA,939.8,17.022242396731727,15997.503404448476,0.06650022696323177,881.2,Enhanced_8pct_EMA_Trailing
2021-06-07,BUY,DRREDDY,1043.85,14.369880729989942,15000.0,0.0,1043.85,Enhanced_8pct_EMA_Trailing
2021-06-09,SELL,SBIN,421.45,43.77006127808579,18446.892325649256,0.2297928217099504,342.7,Enhanced_8pct_EMA_Trailing
2021-06-09,BUY,HINDALCO,383.15,39.149158293096704,15000.0,0.0,383.15,Enhanced_8pct_EMA_Trailing
2021-06-16,SELL,INDUSINDBK,1013.7,17.095965352176886,17330.18007750171,0.15534533850011406,877.4,Enhanced_8pct_EMA_Trailing
2021-06-16,BUY,ADANIPORTS,706.7,21.225413895570963,15000.0,0.0,706.7,Enhanced_8pct_EMA_Trailing
2021-06-16,BUY,BAJAJ-AUTO,4110.45,3.6492354851658577,15000.0,0.0,4110.45,Enhanced_8pct_EMA_Trailing
2021-06-17,SELL,BPCL,227.95,78.1657113079729,17817.87389265242,0.18785825951016136,191.9,Enhanced_8pct_EMA_Trailing
2021-06-17,BUY,INDUSINDBK,984.05,15.243127889842997,15000.0,0.0,984.05,Enhanced_8pct_EMA_Trailing
2021-06-18,SELL,LTIM,4072.5,4.09612233752048,16681.458219552154,0.11209721463681029,3662.0,Enhanced_8pct_EMA_Trailing
2021-06-18,BUY,JSWSTEEL,670.6,22.368028631076648,15000.0,0.0,670.6,Enhanced_8pct_EMA_Trailing
2021-06-22,SELL,ASIANPAINT,3010.8,5.789493998224555,17431.00852985449,0.16206723532363274,2590.9,Enhanced_8pct_EMA_Trailing
2021-06-22,BUY,SHRIRAMFIN,274.35,54.674685620557675,15000.0,0.0,274.35,Enhanced_8pct_EMA_Trailing
2021-07-20,SELL,TATASTEEL,123.35,136.23978201634878,16805.17711171662,0.12034514078110806,110.1,Enhanced_8pct_EMA_Trailing
2021-07-20,BUY,TATAMOTORS,302.15,49.64421644878372,15000.0,0.0,302.15,Enhanced_8pct_EMA_Trailing
2021-08-09,SELL,HINDALCO,434.7,39.149158293096704,17018.139110009135,0.13454260733394233,383.15,Enhanced_8pct_EMA_Trailing
2021-08-09,BUY,UPL,778.1,19.277727798483486,15000.0,0.0,778.1,Enhanced_8pct_EMA_Trailing
2021-08-10,SELL,JSWSTEEL,722.15,22.368028631076648,16153.071875932,0.07687145839546672,670.6,Enhanced_8pct_EMA_Trailing
2021-08-10,BUY,GRASIM,1484.7,10.103051121438675,15000.0,0.0,1484.7,Enhanced_8pct_EMA_Trailing
2021-08-20,SELL,SUNPHARMA,761.15,22.445009726170884,17084.01915307497,0.13893461020499792,668.3,Enhanced_8pct_EMA_Trailing
2021-08-20,BUY,JSWSTEEL,684.6,21.910604732690622,15000.0,0.0,684.6,Enhanced_8pct_EMA_Trailing
2021-08-20,BUY,HINDALCO,403.65,37.16090672612412,15000.0,0.0,403.65,Enhanced_8pct_EMA_Trailing
2021-09-16,SELL,GRASIM,1572.2,10.103051121438675,15884.016973125885,0.05893446487505898,1484.7,Enhanced_8pct_EMA_Trailing
2021-09-16,BUY,BPCL,209.0,71.77033492822966,15000.0,0.0,209.0,Enhanced_8pct_EMA_Trailing
2021-09-20,SELL,HINDALCO,444.4,37.16090672612412,16514.306949089558,0.10095379660597052,403.65,Enhanced_8pct_EMA_Trailing
2021-09-20,BUY,TATASTEEL,125.3,119.71268954509178,15000.0,0.0,125.3,Enhanced_8pct_EMA_Trailing
2021-09-21,SELL,ADANIPORTS,749.6,21.225413895570963,15910.570256119994,0.06070468374133294,706.7,Enhanced_8pct_EMA_Trailing
2021-09-21,BUY,M&M,738.45,20.312817387771684,15000.0,0.0,738.45,Enhanced_8pct_EMA_Trailing
2021-09-29,SELL,INDUSINDBK,1123.2,15.243127889842997,17121.081245871654,0.14140541639144358,984.05,Enhanced_8pct_EMA_Trailing
2021-09-29,BUY,APOLLOHOSP,4423.5,3.39097999321804,15000.0,0.0,4423.5,Enhanced_8pct_EMA_Trailing
2021-10-20,SELL,TATASTEEL,134.35,119.71268954509178,16083.39984038308,0.07222665602553861,125.3,Enhanced_8pct_EMA_Trailing
2021-10-20,BUY,HINDUNILVR,2478.65,6.051681358804188,15000.0,0.0,2478.65,Enhanced_8pct_EMA_Trailing
2021-10-22,SELL,M&M,887.85,20.312817387771684,18034.73491773309,0.20231566118220604,738.45,Enhanced_8pct_EMA_Trailing
2021-10-22,BUY,ASIANPAINT,2982.4,5.02950643776824,15000.0,0.0,2982.4,Enhanced_8pct_EMA_Trailing
2021-10-28,SELL,TATAMOTORS,481.05,49.64421644878372,23881.35032268741,0.5920900215124939,302.15,Enhanced_8pct_EMA_Trailing
2021-10-28,BUY,COALINDIA,151.3,99.1407799074686,15000.0,0.0,151.3,Enhanced_8pct_EMA_Trailing
2021-10-28,BUY,ADANIPORTS,688.1,21.799157099258828,15000.0,0.0,688.1,Enhanced_8pct_EMA_Trailing
2021-10-29,SELL,SHRIRAMFIN,287.25,54.674685620557675,15705.303444505193,0.04702022963367951,274.35,Enhanced_8pct_EMA_Trailing
2021-10-29,BUY,NTPC,132.65,113.07953260459857,15000.0,0.0,132.65,Enhanced_8pct_EMA_Trailing
2021-11-17,SELL,ADANIPORTS,735.55,21.799157099258828,16034.37000435983,0.06895800029065528,688.1,Enhanced_8pct_EMA_Trailing
2021-11-17,BUY,INDUSINDBK,1034.0,14.506769825918763,15000.0,0.0,1034.0,Enhanced_8pct_EMA_Trailing
2021-11-23,SELL,ASIANPAINT,3185.55,5.02950643776824,16021.744232832618,0.06811628218884119,2982.4,Enhanced_8pct_EMA_Trailing
2021-11-23,BUY,AXISBANK,685.65,21.877050973528767,15000.0,0.0,685.65,Enhanced_8pct_EMA_Trailing
2021-12-03,SELL,APOLLOHOSP,5432.4,3.39097999321804,18421.15971515768,0.22807731434384526,4423.5,Enhanced_8pct_EMA_Trailing
2021-12-03,BUY,TATASTEEL,111.8,134.1681574239714,15000.0,0.0,111.8,Enhanced_8pct_EMA_Trailing
2022-01-14,SELL,UPL,824.65,19.277727798483486,15897.378229019407,0.059825215267960447,778.1,Enhanced_8pct_EMA_Trailing
2022-01-14,BUY,WIPRO,319.9,46.88965301656768,15000.0,0.0,319.9,Enhanced_8pct_EMA_Trailing
2022-01-17,SELL,AXISBANK,712.65,21.877050973528767,15590.680376285276,0.03937869175235173,685.65,Enhanced_8pct_EMA_Trailing
2022-01-17,BUY,HCLTECH,1258.75,11.916583912611719,15000.0,0.0,1258.75,Enhanced_8pct_EMA_Trailing
2022-01-18,SELL,TATASTEEL,119.5,134.1681574239714,16033.094812164582,0.06887298747763877,111.8,Enhanced_8pct_EMA_Trailing
2022-01-18,BUY,APOLLOHOSP,4615.8,3.2497075263226307,15000.0,0.0,4615.8,Enhanced_8pct_EMA_Trailing
2022-03-10,SELL,COALINDIA,163.7,99.1407799074686,16229.345670852608,0.08195637805684054,151.3,Enhanced_8pct_EMA_Trailing
2022-03-10,BUY,MARUTI,7211.8,2.079924568068998,15000.0,0.0,7211.8,Enhanced_8pct_EMA_Trailing
2022-03-30,SELL,JSWSTEEL,717.55,21.910604732690622,15721.954425942155,0.0481302950628103,684.6,Enhanced_8pct_EMA_Trailing
2022-03-30,BUY,ONGC,156.25,96.0,15000.0,0.0,156.25,Enhanced_8pct_EMA_Trailing
2022-04-25,SELL,NTPC,156.1,113.07953260459857,17651.715039577837,0.17678100263852248,132.65,Enhanced_8pct_EMA_Trailing
2022-04-25,BUY,LTIM,4856.05,3.08893030343592,15000.0,0.0,4856.05,Enhanced_8pct_EMA_Trailing
2022-04-25,BUY,HINDALCO,495.5,30.272452068617557,15000.0,0.0,495.5,Enhanced_8pct_EMA_Trailing
2022-04-26,SELL,ONGC,161.2,96.0,15475.199999999999,0.03167999999999993,156.25,Enhanced_8pct_EMA_Trailing
2022-04-26,BUY,TECHM,1275.45,11.760555098200635,15000.0,0.0,1275.45,Enhanced_8pct_EMA_Trailing
2022-04-29,SELL,MARUTI,7717.8,2.079924568068998,16052.441831442915,0.070162788762861,7211.8,Enhanced_8pct_EMA_Trailing
2022-04-29,BUY,INFY,1567.55,9.569072756849861,15000.0,0.0,1567.55,Enhanced_8pct_EMA_Trailing
2022-07-12,SELL,EICHERMOT,2954.05,5.415064710023285,15996.371906644285,0.06642479377628563,2770.05,Enhanced_8pct_EMA_Trailing
2022-07-12,BUY,ONGC,118.35,126.7427122940431,15000.0,0.0,118.35,Enhanced_8pct_EMA_Trailing
2022-08-10,SELL,ONGC,128.05,126.7427122940431,16229.40430925222,0.08196028728348137,118.35,Enhanced_8pct_EMA_Trailing
2022-08-10,BUY,BRITANNIA,3647.75,4.112123912000548,15000.0,0.0,3647.75,Enhanced_8pct_EMA_Trailing
2022-08-19,SELL,HINDUNILVR,2634.55,6.051681358804188,15943.457123837574,0.06289714158917159,2478.65,Enhanced_8pct_EMA_Trailing
2022-08-19,BUY,SHRIRAMFIN,269.35,55.68962316688323,15000.0,0.0,269.35,Enhanced_8pct_EMA_Trailing
2022-09-23,SELL,INDUSINDBK,1183.35,14.506769825918763,17166.586073500966,0.1444390715667311,1034.0,Enhanced_8pct_EMA_Trailing
2022-09-23,BUY,POWERGRID,148.35,101.11223458038423,15000.0,0.0,148.35,Enhanced_8pct_EMA_Trailing
2022-11-04,SELL,POWERGRID,166.05,101.11223458038423,16789.686552072802,0.1193124368048535,148.35,Enhanced_8pct_EMA_Trailing
2022-11-04,BUY,HINDUNILVR,2520.35,5.951554347610451,15000.0,0.0,2520.35,Enhanced_8pct_EMA_Trailing
2022-12-14,SELL,HINDUNILVR,2684.65,5.951554347610451,15977.840379312398,0.06518935862082653,2520.35,Enhanced_8pct_EMA_Trailing
2022-12-14,BUY,KOTAKBANK,1873.2,8.00768737988469,15000.0,0.0,1873.2,Enhanced_8pct_EMA_Trailing
2022-12-21,SELL,BRITANNIA,4418.85,4.112123912000548,18170.858748543626,0.2113905832362417,3647.75,Enhanced_8pct_EMA_Trailing
2022-12-21,BUY,TATAMOTORS,402.6,37.257824143070046,15000.0,0.0,402.6,Enhanced_8pct_EMA_Trailing
2023-02-07,SELL,TATAMOTORS,435.45,37.257824143070046,16223.91952309985,0.08159463487332336,402.6,Enhanced_8pct_EMA_Trailing
2023-02-07,BUY,ADANIPORTS,553.15,27.11741842176625,15000.0,0.0,553.15,Enhanced_8pct_EMA_Trailing
2023-02-07,BUY,DIVISLAB,2750.85,5.452860025083156,15000.0,0.0,2750.85,Enhanced_8pct_EMA_Trailing
2023-02-09,SELL,ADANIPORTS,582.3,27.11741842176625,15790.472746994486,0.052698183132965766,553.15,Enhanced_8pct_EMA_Trailing
2023-02-09,BUY,ADANIPORTS,582.3,25.759917568263784,15000.0,0.0,582.3,Enhanced_8pct_EMA_Trailing
2023-03-14,SELL,ADANIPORTS,654.5,25.759917568263784,16859.86604842865,0.12399106989524322,582.3,Enhanced_8pct_EMA_Trailing
2023-03-14,BUY,M&M,1160.8,12.922122674017919,15000.0,0.0,1160.8,Enhanced_8pct_EMA_Trailing
2023-05-15,SELL,DIVISLAB,3276.5,5.452860025083156,17866.29587218496,0.1910863914789974,2750.85,Enhanced_8pct_EMA_Trailing
2023-05-15,BUY,UPL,675.95,22.1909904578741,15000.0,0.0,675.95,Enhanced_8pct_EMA_Trailing
2023-05-18,SELL,BAJAJ-AUTO,4518.65,3.6492354851658577,16489.617925044702,0.09930786166964681,4110.45,Enhanced_8pct_EMA_Trailing
2023-05-18,BUY,LT,2188.2,6.854949273375378,15000.0,0.0,2188.2,Enhanced_8pct_EMA_Trailing
2023-06-08,SELL,APOLLOHOSP,4926.65,3.2497075263226307,16010.171584557387,0.06734477230382581,4615.8,Enhanced_8pct_EMA_Trailing
2023-06-08,BUY,COALINDIA,212.85,70.47216349541931,15000.0,0.0,212.85,Enhanced_8pct_EMA_Trailing
2023-06-21,SELL,M&M,1374.25,12.922122674017919,17758.227084769125,0.18388180565127502,1160.8,Enhanced_8pct_EMA_Trailing
2023-06-21,BUY,SBIN,566.35,26.48538889379359,15000.0,0.0,566.35,Enhanced_8pct_EMA_Trailing
2023-07-06,SELL,LTIM,5178.2,3.08893030343592,15995.09889725188,0.06633992648345872,4856.05,Enhanced_8pct_EMA_Trailing
2023-07-06,BUY,EICHERMOT,3222.2,4.655204518651853,15000.0,0.0,3222.2,Enhanced_8pct_EMA_Trailing
2023-07-07,SELL,SHRIRAMFIN,343.7,55.68962316688323,19140.523482457764,0.27603489883051757,269.35,Enhanced_8pct_EMA_Trailing
2023-07-07,BUY,ADANIPORTS,718.7,20.871017114234032,15000.0,0.0,718.7,Enhanced_8pct_EMA_Trailing
2023-07-07,BUY,TATACONSUM,833.25,18.001800180018,15000.0,0.0,833.25,Enhanced_8pct_EMA_Trailing
2023-07-10,SELL,LT,2438.75,6.854949273375378,16717.507540444203,0.11450050269628022,2188.2,Enhanced_8pct_EMA_Trailing
2023-07-10,AVERAGE,WIPRO,195.0,76.92307692307692,15000.0,0.0,242.3014177510196,Enhanced_8pct_EMA_Trailing
2023-08-01,SELL,SBIN,611.85,26.48538889379359,16205.085194667608,0.08033901297784056,566.35,Enhanced_8pct_EMA_Trailing
2023-08-01,BUY,BRITANNIA,4817.35,3.113745108825391,15000.0,0.0,4817.35,Enhanced_8pct_EMA_Trailing
2023-08-02,SELL,ADANIPORTS,761.45,20.871017114234032,15892.235981633505,0.05948239877556698,718.7,Enhanced_8pct_EMA_Trailing
2023-08-02,BUY,BAJAJFINSV,1527.0,9.82318271119843,15000.0,0.0,1527.0,Enhanced_8pct_EMA_Trailing
2023-08-25,SELL,DRREDDY,1155.85,14.369880729989942,16609.426641758873,0.10729510945059155,1043.85,Enhanced_8pct_EMA_Trailing
2023-08-25,BUY,JSWSTEEL,773.15,19.401151134967343,15000.0,0.0,773.15,Enhanced_8pct_EMA_Trailing
2023-09-27,SELL,TATACONSUM,888.85,18.001800180018,16000.900090009001,0.06672667266726676,833.25,Enhanced_8pct_EMA_Trailing
2023-09-27,BUY,HDFCBANK,1526.85,9.824147755182238,15000.0,0.0,1526.85,Enhanced_8pct_EMA_Trailing
2023-10-06,SELL,COALINDIA,272.55,70.47216349541931,19207.188160676535,0.28047921071176896,212.85,Enhanced_8pct_EMA_Trailing
2023-10-06,BUY,CIPLA,1163.0,12.89767841788478,15000.0,0.0,1163.0,Enhanced_8pct_EMA_Trailing
2023-10-18,SELL,BAJAJFINSV,1628.2,9.82318271119843,15994.106090373283,0.06627373935821888,1527.0,Enhanced_8pct_EMA_Trailing
2023-10-18,BUY,ASIANPAINT,3096.45,4.844257133168629,15000.0,0.0,3096.45,Enhanced_8pct_EMA_Trailing
2023-10-20,SELL,EICHERMOT,3480.9,4.655204518651853,16204.301408975236,0.08028676059834906,3222.2,Enhanced_8pct_EMA_Trailing
2023-10-20,BUY,DIVISLAB,3554.3,4.220240272346172,15000.0,0.0,3554.3,Enhanced_8pct_EMA_Trailing
2023-11-23,SELL,CIPLA,1170.65,12.89767841788478,15098.667239896819,0.0065778159931212336,1163.0,Enhanced_8pct_EMA_Trailing
2023-11-23,BUY,CIPLA,1170.65,12.81339426814163,15000.0,0.0,1170.65,Enhanced_8pct_EMA_Trailing
2023-12-11,SELL,BPCL,222.25,71.77033492822966,15950.956937799041,0.06339712918660273,209.0,Enhanced_8pct_EMA_Trailing
2023-12-11,BUY,DRREDDY,1094.7,13.702384214853383,15000.0,0.0,1094.7,Enhanced_8pct_EMA_Trailing
2023-12-11,BUY,HINDUNILVR,2503.65,5.991252770954406,15000.0,0.0,2503.65,Enhanced_8pct_EMA_Trailing
2023-12-13,SELL,HDFCBANK,1630.9,9.824147755182238,16022.202573926714,0.06814683826178092,1526.85,Enhanced_8pct_EMA_Trailing
2023-12-13,BUY,MARUTI,10380.05,1.445079744317224,15000.0,0.0,10380.05,Enhanced_8pct_EMA_Trailing
2023-12-20,SELL,JSWSTEEL,842.25,19.401151134967343,16340.619543426244,0.0893746362284163,773.15,Enhanced_8pct_EMA_Trailing
2023-12-20,BUY,HDFCLIFE,644.1,23.28830926874709,15000.0,0.0,644.1,Enhanced_8pct_EMA_Trailing
2023-12-21,SELL,HCLTECH,1422.05,11.916583912611719,16945.978152929492,0.12973187686196616,1258.75,Enhanced_8pct_EMA_Trailing
2023-12-21,BUY,SBILIFE,1403.75,10.685663401602849,15000.0,0.0,1403.75,Enhanced_8pct_EMA_Trailing
2024-01-03,SELL,HINDALCO,593.05,30.272452068617557,17953.07769929364,0.19687184661957605,495.5,Enhanced_8pct_EMA_Trailing
2024-01-03,BUY,EICHERMOT,3887.6,3.8584216483177283,15000.0,0.0,3887.6,Enhanced_8pct_EMA_Trailing
2024-01-04,SELL,DRREDDY,1168.45,13.702384214853383,16010.550835845437,0.06737005572302915,1094.7,Enhanced_8pct_EMA_Trailing
2024-01-04,BUY,LTIM,5866.4,2.556934406109369,15000.0,0.0,5866.4,Enhanced_8pct_EMA_Trailing
2024-01-05,SELL,ASIANPAINT,3355.55,4.844257133168629,16255.147023203994,0.08367646821359959,3096.45,Enhanced_8pct_EMA_Trailing
2024-01-05,BUY,JSWSTEEL,829.4,18.08536291294912,15000.0,0.0,829.4,Enhanced_8pct_EMA_Trailing
2024-01-08,SELL,DIVISLAB,3934.15,4.220240272346172,16603.05826745069,0.10687055116337943,3554.3,Enhanced_8pct_EMA_Trailing
2024-01-08,BUY,M&M,1616.15,9.281316709463848,15000.0,0.0,1616.15,Enhanced_8pct_EMA_Trailing
2024-01-09,SELL,BRITANNIA,5122.4,3.113745108825391,15949.847945447182,0.06332319636314544,4817.35,Enhanced_8pct_EMA_Trailing
2024-01-09,AVERAGE,UPL,558.15,26.874496103198066,15000.0,0.0,611.4277489668585,Enhanced_8pct_EMA_Trailing
2024-01-17,SELL,CIPLA,1294.0,12.81339426814163,16580.53218297527,0.10536881219835123,1170.65,Enhanced_8pct_EMA_Trailing
2024-01-17,BUY,HDFCBANK,1537.5,9.75609756097561,15000.0,0.0,1537.5,Enhanced_8pct_EMA_Trailing
2024-01-25,SELL,TECHM,1322.05,11.760555098200635,15548.041867576148,0.03653612450507656,1275.45,Enhanced_8pct_EMA_Trailing
2024-01-25,BUY,ASIANPAINT,2949.2,5.086125050861251,15000.0,0.0,2949.2,Enhanced_8pct_EMA_Trailing
2024-02-09,SELL,INFY,1669.35,9.569072756849861,15974.131606647315,0.06494210710982103,1567.55,Enhanced_8pct_EMA_Trailing
2024-02-09,BUY,ITC,415.5,36.101083032490976,15000.0,0.0,415.5,Enhanced_8pct_EMA_Trailing
2024-02-09,BUY,LT,3324.55,4.511888827059301,15000.0,0.0,3324.55,Enhanced_8pct_EMA_Trailing
2024-02-28,SELL,MARUTI,11152.8,1.445079744317224,16116.685372421136,0.0744456914947424,10380.05,Enhanced_8pct_EMA_Trailing
2024-02-28,BUY,HINDALCO,504.4,29.738302934179224,15000.0,0.0,504.4,Enhanced_8pct_EMA_Trailing
2024-02-29,SELL,WIPRO,259.3,123.8127299396446,32104.640873349847,0.07015469577832821,242.3014177510196,Enhanced_8pct_EMA_Trailing
2024-02-29,BUY,APOLLOHOSP,6101.6,2.458371574668939,15000.0,0.0,6101.6,Enhanced_8pct_EMA_Trailing
2024-02-29,BUY,DIVISLAB,3488.8,4.299472598027975,15000.0,0.0,3488.8,Enhanced_8pct_EMA_Trailing
2024-03-04,SELL,SBILIFE,1517.95,10.685663401602849,16220.302760463044,0.08135351736420295,1403.75,Enhanced_8pct_EMA_Trailing
2024-03-04,AVERAGE,UPL,474.25,31.628887717448603,15000.0,0.0,557.6596931612629,Enhanced_8pct_EMA_Trailing
2024-03-07,SELL,M&M,1897.55,9.281316709463848,17611.762522043126,0.1741175014695417,1616.15,Enhanced_8pct_EMA_Trailing
2024-03-07,BUY,INFY,1616.45,9.279594172414859,15000.0,0.0,1616.45,Enhanced_8pct_EMA_Trailing
2024-03-13,SELL,LT,3538.55,4.511888827059301,15965.54420899069,0.06436961393271268,3324.55,Enhanced_8pct_EMA_Trailing
2024-03-13,BUY,ADANIPORTS,1209.55,12.401306270927204,15000.0,0.0,1209.55,Enhanced_8pct_EMA_Trailing
2024-04-08,SELL,ADANIPORTS,1348.65,12.401306270927204,16725.021702285976,0.11500144681906507,1209.55,Enhanced_8pct_EMA_Trailing
2024-04-08,BUY,WIPRO,239.95,62.51302354657221,15000.0,0.0,239.95,Enhanced_8pct_EMA_Trailing
2024-04-15,SELL,DIVISLAB,3716.55,4.299472598027975,15979.204884200872,0.06528032561339145,3488.8,Enhanced_8pct_EMA_Trailing
2024-04-15,BUY,CIPLA,1381.4,10.858549297813811,15000.0,0.0,1381.4,Enhanced_8pct_EMA_Trailing
2024-04-26,SELL,JSWSTEEL,887.25,18.08536291294912,16046.238244514107,0.06974921630094044,829.4,Enhanced_8pct_EMA_Trailing
2024-04-26,BUY,BAJFINANCE,673.0,22.288261515601782,15000.0,0.0,673.0,Enhanced_8pct_EMA_Trailing
2024-05-07,SELL,HINDALCO,620.2,29.738302934179224,18443.695479777954,0.22957969865186362,504.4,Enhanced_8pct_EMA_Trailing
2024-05-07,BUY,TITAN,3270.9,4.585893790699807,15000.0,0.0,3270.9,Enhanced_8pct_EMA_Trailing
2024-05-07,BUY,HCLTECH,1330.95,11.270145384875464,15000.0,0.0,1330.95,Enhanced_8pct_EMA_Trailing
2024-05-09,SELL,EICHERMOT,4568.05,3.8584216483177283,17625.4630105978,0.17503086737318663,3887.6,Enhanced_8pct_EMA_Trailing
2024-05-09,BUY,LT,3275.45,4.579523424262315,15000.0,0.0,3275.45,Enhanced_8pct_EMA_Trailing
2024-05-30,SELL,CIPLA,1466.6,10.858549297813811,15925.148400173734,0.061676560011582234,1381.4,Enhanced_8pct_EMA_Trailing
2024-05-30,BUY,TATAMOTORS,923.95,16.234644731857784,15000.0,0.0,923.95,Enhanced_8pct_EMA_Trailing
2024-06-04,SELL,LT,3403.2,4.579523424262315,15585.03411744951,0.03900227449663398,3275.45,Enhanced_8pct_EMA_Trailing
2024-06-04,BUY,ONGC,236.3,63.478628861616585,15000.0,0.0,236.3,Enhanced_8pct_EMA_Trailing
2024-06-07,SELL,ONGC,260.4,63.478628861616585,16529.83495556496,0.1019889970376639,236.3,Enhanced_8pct_EMA_Trailing
2024-06-07,BUY,BPCL,299.9,50.016672224074696,15000.0,0.0,299.9,Enhanced_8pct_EMA_Trailing
2024-06-19,SELL,TITAN,3462.35,4.585893790699807,15877.969366229478,0.05853129108196517,3270.9,Enhanced_8pct_EMA_Trailing
2024-06-19,BUY,MARUTI,12242.1,1.2252799764746245,15000.0,0.0,12242.1,Enhanced_8pct_EMA_Trailing
2024-06-21,SELL,BAJFINANCE,713.5,22.288261515601782,15902.674591381872,0.060178306092124816,673.0,Enhanced_8pct_EMA_Trailing
2024-06-21,BUY,LT,3535.0,4.243281471004243,15000.0,0.0,3535.0,Enhanced_8pct_EMA_Trailing
2024-07-02,SELL,TATAMOTORS,981.3,16.234644731857784,15931.056875372044,0.06207045835813624,923.95,Enhanced_8pct_EMA_Trailing
2024-07-02,BUY,INDUSINDBK,1429.45,10.493546468921613,15000.0,0.0,1429.45,Enhanced_8pct_EMA_Trailing
2024-07-05,SELL,HDFCBANK,1648.1,9.75609756097561,16079.024390243902,0.07193495934959343,1537.5,Enhanced_8pct_EMA_Trailing
2024-07-05,BUY,TITAN,3269.35,4.588067964580115,15000.0,0.0,3269.35,Enhanced_8pct_EMA_Trailing
2024-07-22,SELL,WIPRO,252.9,62.51302354657221,15809.543654928111,0.053969576995207415,239.95,Enhanced_8pct_EMA_Trailing
2024-07-22,BUY,TATASTEEL,160.32,93.562874251497,15000.0,0.0,160.32,Enhanced_8pct_EMA_Trailing
2024-07-30,SELL,HINDUNILVR,2691.4,5.991252770954406,16124.857707746689,0.07499051384977926,2503.65,Enhanced_8pct_EMA_Trailing
2024-07-30,BUY,AXISBANK,1170.0,12.820512820512821,15000.0,0.0,1170.0,Enhanced_8pct_EMA_Trailing
2024-08-02,SELL,HCLTECH,1609.3,11.270145384875464,18137.044967880083,0.20913633119200556,1330.95,Enhanced_8pct_EMA_Trailing
2024-08-02,BUY,WIPRO,251.1,59.73715651135006,15000.0,0.0,251.1,Enhanced_8pct_EMA_Trailing
2024-08-02,BUY,HINDALCO,648.05,23.14636216341332,15000.0,0.0,648.05,Enhanced_8pct_EMA_Trailing
2024-08-05,SELL,ITC,486.0,36.101083032490976,17545.126353790616,0.16967509025270774,415.5,Enhanced_8pct_EMA_Trailing
2024-08-05,BUY,GRASIM,2612.25,5.7421762848119435,15000.0,0.0,2612.25,Enhanced_8pct_EMA_Trailing
2024-08-06,SELL,BPCL,334.7,50.016672224074696,16740.5801933978,0.11603867955985334,299.9,Enhanced_8pct_EMA_Trailing
2024-08-06,BUY,SBIN,797.7,18.804061677322302,15000.0,0.0,797.7,Enhanced_8pct_EMA_Trailing
2024-08-07,SELL,INFY,1791.65,9.279594172414859,16625.78489900708,0.10838565993380543,1616.45,Enhanced_8pct_EMA_Trailing
2024-08-07,BUY,EICHERMOT,4597.15,3.262891139075297,15000.0,0.0,4597.15,Enhanced_8pct_EMA_Trailing
2024-08-08,SELL,APOLLOHOSP,6541.9,2.458371574668939,16082.421004326732,0.07216140028844881,6101.6,Enhanced_8pct_EMA_Trailing
2024-08-08,AVERAGE,LTIM,5338.3,2.809883296180432,15000.0,0.0,5589.904793524146,Enhanced_8pct_EMA_Trailing
2024-08-09,SELL,MARUTI,12224.2,1.2252799764746245,14978.067488421106,-0.001462167438592951,12242.1,Enhanced_8pct_EMA_Trailing
2024-08-09,AVERAGE,INDUSINDBK,1349.8,11.112757445547489,15000.0,0.0,1388.483662858685,Enhanced_8pct_EMA_Trailing
2024-08-13,SELL,HDFCLIFE,685.0,23.28830926874709,15952.491849091755,0.06349945660611701,644.1,Enhanced_8pct_EMA_Trailing
2024-08-13,AVERAGE,TATASTEEL,148.88,100.75228371843096,15000.0,0.0,154.38836739974127,Enhanced_8pct_EMA_Trailing
2024-08-23,SELL,ASIANPAINT,3154.65,5.086125050861251,16044.944391699446,0.06966295944662973,2949.2,Enhanced_8pct_EMA_Trailing
2024-08-23,BUY,ONGC,318.9,47.03668861712136,15000.0,0.0,318.9,Enhanced_8pct_EMA_Trailing
2024-08-28,SELL,TITAN,3527.5,4.588067964580115,16184.409745056355,0.07896064967042367,3269.35,Enhanced_8pct_EMA_Trailing
2024-08-28,BUY,ADANIPORTS,1469.8,10.205470131990747,15000.0,0.0,1469.8,Enhanced_8pct_EMA_Trailing
2024-09-02,SELL,HINDALCO,683.9,23.14636216341332,15829.797083558367,0.05531980557055782,648.05,Enhanced_8pct_EMA_Trailing
2024-09-02,BUY,POWERGRID,335.55,44.70272686633884,15000.0,0.0,335.55,Enhanced_8pct_EMA_Trailing
2024-09-18,SELL,UPL,605.1,80.69437427852077,48828.16587593292,0.08507035279850939,557.6596931612629,Enhanced_8pct_EMA_Trailing
2024-09-18,BUY,TATAMOTORS,962.05,15.591705212826778,15000.0,0.0,962.05,Enhanced_8pct_EMA_Trailing
2024-09-18,BUY,COALINDIA,487.1,30.79449804968179,15000.0,0.0,487.1,Enhanced_8pct_EMA_Trailing
2024-09-19,SELL,WIPRO,266.7,59.73715651135006,15931.89964157706,0.062126642771803985,251.1,Enhanced_8pct_EMA_Trailing
2024-09-19,BUY,BPCL,324.45,46.23208506703652,15000.0,0.0,324.45,Enhanced_8pct_EMA_Trailing
2024-09-19,BUY,TCS,4296.15,3.4914982018784264,15000.0,0.0,4296.15,Enhanced_8pct_EMA_Trailing
2024-09-20,BUY,DRREDDY,1310.25,11.448196908986835,15000.0,0.0,1310.25,Enhanced_8pct_EMA_Trailing
2024-09-23,SELL,LTIM,6326.1,5.366817702289801,33951.02546645551,0.13170084888185035,5589.904793524146,Enhanced_8pct_EMA_Trailing
2024-09-23,AVERAGE,ONGC,295.45,50.7700118463361,15000.0,0.0,306.7274517783023,Enhanced_8pct_EMA_Trailing
2024-09-25,BUY,LTIM,6102.55,2.457988873503699,15000.0,0.0,6102.55,Enhanced_8pct_EMA_Trailing
2024-09-27,SELL,POWERGRID,354.25,44.70272686633884,15835.940992400536,0.05572939949336905,335.55,Enhanced_8pct_EMA_Trailing
2024-09-27,BUY,TECHM,1609.25,9.321112319403449,15000.0,0.0,1609.25,Enhanced_8pct_EMA_Trailing
2024-09-30,SELL,AXISBANK,1232.2,12.820512820512821,15797.435897435898,0.053162393162393226,1170.0,Enhanced_8pct_EMA_Trailing
2024-09-30,BUY,HEROMOTOCO,5712.4,2.625866535956866,15000.0,0.0,5712.4,Enhanced_8pct_EMA_Trailing
2024-10-03,SELL,BPCL,348.85,46.23208506703652,16128.062875635691,0.07520419170904606,324.45,Enhanced_8pct_EMA_Trailing
2024-10-03,BUY,RELIANCE,1407.0,10.660980810234541,15000.0,0.0,1407.0,Enhanced_8pct_EMA_Trailing
2024-10-04,SELL,EICHERMOT,4706.8,3.262891139075297,15357.776013399607,0.023851734226640473,4597.15,Enhanced_8pct_EMA_Trailing
2024-10-04,BUY,ASIANPAINT,3072.5,4.882017900732302,15000.0,0.0,3072.5,Enhanced_8pct_EMA_Trailing
2024-10-07,SELL,TATASTEEL,164.36,194.31515796992795,31937.63936393736,0.064587978797912,154.38836739974127,Enhanced_8pct_EMA_Trailing
2024-10-07,BUY,TATACONSUM,1111.4,13.496490912362784,15000.0,0.0,1111.4,Enhanced_8pct_EMA_Trailing
2024-10-07,BUY,AXISBANK,1145.7,13.092432573972243,15000.0,0.0,1145.7,Enhanced_8pct_EMA_Trailing
2024-11-28,SELL,TECHM,1713.35,9.321112319403449,15970.327792449898,0.06468851949665987,1609.25,Enhanced_8pct_EMA_Trailing
2024-11-28,BUY,SBILIFE,1428.6,10.499790004199916,15000.0,0.0,1428.6,Enhanced_8pct_EMA_Trailing
2024-12-12,SELL,SBIN,853.7,18.804061677322302,16053.02745393005,0.07020183026200333,797.7,Enhanced_8pct_EMA_Trailing
2024-12-12,BUY,HDFCLIFE,626.55,23.940627244433806,15000.0,0.0,626.55,Enhanced_8pct_EMA_Trailing
2024-12-17,SELL,LT,3807.2,4.243281471004243,16155.021216407355,0.07700141442715697,3535.0,Enhanced_8pct_EMA_Trailing
2024-12-17,BUY,NTPC,349.05,42.973785990545764,15000.0,0.0,349.05,Enhanced_8pct_EMA_Trailing
2024-12-19,SELL,LTIM,6220.6,2.457988873503699,15290.16558651711,0.01934437243447404,6102.55,Enhanced_8pct_EMA_Trailing
2024-12-19,BUY,UPL,518.35,28.93797627085946,15000.0,0.0,518.35,Enhanced_8pct_EMA_Trailing
2025-02-11,SELL,UPL,610.7,28.93797627085946,17672.42210861387,0.17816147390759143,518.35,Enhanced_8pct_EMA_Trailing
2025-02-11,BUY,POWERGRID,261.45,57.37234652897304,15000.0,0.0,261.45,Enhanced_8pct_EMA_Trailing
2025-02-11,BUY,APOLLOHOSP,6317.35,2.3744133220416788,15000.0,0.0,6317.35,Enhanced_8pct_EMA_Trailing
2025-03-26,SELL,HDFCLIFE,668.4,23.940627244433806,16001.915250179556,0.06679435001197041,626.55,Enhanced_8pct_EMA_Trailing
2025-03-26,BUY,TECHM,1416.3,10.590976488032197,15000.0,0.0,1416.3,Enhanced_8pct_EMA_Trailing
2025-04-04,SELL,SBILIFE,1512.6,10.499790004199916,15881.982360352791,0.05879882402351941,1428.6,Enhanced_8pct_EMA_Trailing
2025-04-04,BUY,HINDALCO,599.95,25.00208350695891,15000.0,0.0,599.95,Enhanced_8pct_EMA_Trailing
2025-04-07,SELL,POWERGRID,289.4,57.37234652897304,16603.557085484797,0.1069038056989865,261.45,Enhanced_8pct_EMA_Trailing
2025-04-07,BUY,TATASTEEL,129.48,115.84800741427249,15000.0,0.0,129.48,Enhanced_8pct_EMA_Trailing
2025-04-08,SELL,KOTAKBANK,2055.15,8.00768737988469,16456.99871877002,0.09713324791800139,1873.2,Enhanced_8pct_EMA_Trailing
2025-04-08,BUY,INFY,1428.8,10.498320268756999,15000.0,0.0,1428.8,Enhanced_8pct_EMA_Trailing
2025-04-25,SELL,APOLLOHOSP,6953.0,2.3744133220416788,16509.29582815579,0.10061972187705275,6317.35,Enhanced_8pct_EMA_Trailing
2025-04-25,BUY,WIPRO,240.9,62.266500622665006,15000.0,0.0,240.9,Enhanced_8pct_EMA_Trailing
2025-04-30,SELL,TATASTEEL,140.08,115.84800741427249,16227.988878591292,0.08186592523941945,129.48,Enhanced_8pct_EMA_Trailing
2025-04-30,BUY,SHRIRAMFIN,611.7,24.521824423737126,15000.0,0.0,611.7,Enhanced_8pct_EMA_Trailing
2025-05-13,SELL,HINDALCO,634.75,25.00208350695891,15870.072506042168,0.05800483373614455,599.95,Enhanced_8pct_EMA_Trailing
2025-05-13,BUY,UPL,642.85,23.33359259547328,15000.0,0.0,642.85,Enhanced_8pct_EMA_Trailing
2025-05-19,SELL,INFY,1559.8,10.498320268756999,16375.279955207166,0.09168533034714443,1428.8,Enhanced_8pct_EMA_Trailing
2025-05-19,BUY,SUNPHARMA,1730.2,8.6695179748006,15000.0,0.0,1730.2,Enhanced_8pct_EMA_Trailing
2025-05-20,SELL,GRASIM,2720.8,5.7421762848119435,15623.313235716338,0.04155421571442251,2612.25,Enhanced_8pct_EMA_Trailing
2025-05-20,BUY,CIPLA,1454.4,10.313531353135312,15000.0,0.0,1454.4,Enhanced_8pct_EMA_Trailing
2025-05-22,SELL,TECHM,1565.6,10.590976488032197,16581.23278966321,0.10541551931088058,1416.3,Enhanced_8pct_EMA_Trailing
2025-05-22,BUY,POWERGRID,290.9,51.56411137848058,15000.0,0.0,290.9,Enhanced_8pct_EMA_Trailing
2025-05-28,SELL,SHRIRAMFIN,655.7,24.521824423737126,16078.960274644434,0.07193068497629562,611.7,Enhanced_8pct_EMA_Trailing
2025-05-28,BUY,GRASIM,2577.6,5.819366852886406,15000.0,0.0,2577.6,Enhanced_8pct_EMA_Trailing
2025-07-01,SELL,WIPRO,264.55,62.266500622665006,16472.60273972603,0.09817351598173531,240.9,Enhanced_8pct_EMA_Trailing
2025-07-01,BUY,HINDUNILVR,2295.5,6.53452406883032,15000.0,0.0,2295.5,Enhanced_8pct_EMA_Trailing
2025-07-02,AVERAGE,INDUSINDBK,857.65,17.489651955926078,15000.0,0.0,1151.0141905514981,Enhanced_8pct_EMA_Trailing
2025-07-04,SELL,GRASIM,2805.9,5.819366852886406,16328.561452513968,0.08857076350093121,2577.6,Enhanced_8pct_EMA_Trailing
2025-07-04,BUY,KOTAKBANK,2129.8,7.04291482768335,15000.0,0.0,2129.8,Enhanced_8pct_EMA_Trailing
2025-07-11,SELL,RELIANCE,1495.2,10.660980810234541,15940.298507462687,0.06268656716417911,1407.0,Enhanced_8pct_EMA_Trailing
2025-07-11,BUY,TITAN,3361.6,4.462160875773441,15000.0,0.0,3361.6,Enhanced_8pct_EMA_Trailing
