date,portfolio_value,cash,position_value,num_positions,total_trades
2020-08-14,100000.0,70000.0,30000.0,2,0
2020-08-17,99830.63729224485,40000.0,59830.63729224485,4,0
2020-08-18,100291.53690229607,25000.0,75291.53690229607,5,0
2020-08-19,100633.48400024293,10000.0,90633.48400024293,6,0
2020-08-20,100077.09979773586,10000.0,90077.09979773586,6,0
2020-08-21,100344.1065337463,10000.0,90344.1065337463,6,0
2020-08-24,100285.36308574658,10000.0,90285.36308574658,6,0
2020-08-25,100095.74613317521,10000.0,90095.74613317521,6,0
2020-08-26,99951.27680111025,10000.0,89951.27680111025,6,0
2020-08-27,100197.4945306426,10000.0,90197.4945306426,6,0
2020-08-28,100767.56244377076,10000.0,90767.56244377076,6,0
2020-08-31,98877.39193011113,10000.0,88877.39193011113,6,0
2020-09-01,100363.02450930314,10000.0,90363.02450930314,6,0
2020-09-02,100906.2452665395,10000.0,90906.2452665395,6,0
2020-09-03,101018.16685635434,10000.0,91018.16685635434,6,0
2020-09-04,99492.59946592181,10000.0,89492.59946592181,6,0
2020-09-07,99382.2264212748,10000.0,89382.2264212748,6,0
2020-09-08,99453.81250910088,10000.0,89453.81250910088,6,0
2020-09-09,99194.22963178379,10000.0,89194.22963178379,6,0
2020-09-10,100815.07838530577,10000.0,90815.07838530577,6,0
2020-09-11,101100.10500097324,10000.0,91100.10500097324,6,0
2020-09-14,100623.61166775809,10000.0,90623.61166775809,6,0
2020-09-15,101049.01697834575,10000.0,91049.01697834575,6,0
2020-09-16,101236.17010957762,10000.0,91236.17010957762,6,0
2020-09-17,101066.28792094415,10000.0,91066.28792094415,6,0
2020-09-18,100826.90641857362,10000.0,90826.90641857362,6,0
2020-09-21,98458.52459902898,10000.0,88458.52459902898,6,0
2020-09-22,97350.14191686301,11223.43101496667,86126.71090189634,6,1
2020-09-23,95871.72039229522,11223.43101496667,84648.28937732855,6,1
2020-09-24,93341.67052023993,11223.43101496667,82118.23950527326,6,1
2020-09-25,94842.30641299882,11223.43101496667,83618.87539803215,6,1
2020-09-28,96792.37664197895,11223.43101496667,85568.94562701228,6,1
2020-09-29,95673.93225256576,11223.43101496667,84450.50123759909,6,1
2020-09-30,93732.85589907026,11223.43101496667,82509.42488410359,6,1
2020-10-01,96312.1154674438,11223.43101496667,85088.68445247713,6,1
2020-10-05,96659.59186555882,11223.43101496667,85436.16085059215,6,1
2020-10-06,97361.05347229875,11223.43101496667,86137.62245733208,6,1
2020-10-07,96854.90802721253,11223.43101496667,85631.47701224586,6,1
2020-10-08,96945.30842509144,11223.43101496667,85721.87741012477,6,1
2020-10-09,96553.41005714293,11223.43101496667,85329.97904217626,6,1
2020-10-12,95258.02701595207,11223.43101496667,84034.5960009854,6,1
2020-10-13,94781.90138344672,11223.43101496667,83558.47036848005,6,1
2020-10-14,95454.6066351722,11223.43101496667,84231.17562020553,6,1
2020-10-15,93687.2075805144,12712.401603201964,80974.80597731244,6,2
2020-10-16,94264.65590619884,12712.401603201964,81552.25430299687,6,2
2020-10-19,95481.22145046687,12712.401603201964,82768.8198472649,6,2
2020-10-20,95576.34872303976,12712.401603201964,82863.94711983779,6,2
2020-10-21,95840.76751143616,12712.401603201964,83128.3659082342,6,2
2020-10-22,96376.84319595282,12712.401603201964,83664.44159275085,6,2
2020-10-23,96739.95064623296,12712.401603201964,84027.549043031,6,2
2020-10-26,97322.8919466878,12712.401603201964,84610.49034348583,6,2
2020-10-27,99085.90915919328,12712.401603201964,86373.50755599132,6,2
2020-10-28,99038.87374060982,12712.401603201964,86326.47213740787,6,2
2020-10-29,98170.98423334348,12712.401603201964,85458.58263014152,6,2
2020-10-30,98877.15172582943,12712.401603201964,86164.75012262748,6,2
2020-11-02,99386.74697089606,12712.401603201964,86674.34536769408,6,2
2020-11-03,99360.80107210207,14032.021856366522,85328.77921573554,6,3
2020-11-04,99758.039146895,14032.021856366522,85726.01729052847,6,3
2020-11-05,101292.38532976888,14032.021856366522,87260.36347340235,6,3
2020-11-06,101234.24988925463,14032.021856366522,87202.2280328881,6,3
2020-11-09,103017.14428129075,14032.021856366522,88985.12242492422,6,3
2020-11-10,103566.17980921768,14032.021856366522,89534.15795285115,6,3
2020-11-11,104256.50736982575,222.63303677246222,104033.87433305329,7,4
2020-11-12,104296.04608312654,222.63303677246222,104073.41304635408,7,4
2020-11-13,104297.95439171122,222.63303677246222,104075.32135493876,7,4
2020-11-14,105640.46619166601,222.63303677246222,105417.83315489355,7,4
2020-11-17,106289.77382640922,222.63303677246222,106067.14078963676,7,4
2020-11-18,105302.26157985693,222.63303677246222,105079.62854308447,7,4
2020-11-19,104303.98221560109,222.63303677246222,104081.34917882863,7,4
2020-11-20,105031.13885039247,222.63303677246222,104808.50581362001,7,4
2020-11-23,105774.11853386357,222.63303677246222,105551.48549709111,7,4
2020-11-24,105759.64131944823,222.63303677246222,105537.00828267577,7,4
2020-11-25,104768.59615834264,222.63303677246222,104545.96312157018,7,4
2020-11-26,105048.6772012163,222.63303677246222,104826.04416444384,7,4
2020-11-27,104356.13269644123,1729.6513268617855,102626.48136957944,7,5
2020-12-01,105669.26048588229,2512.066984235913,103157.19350164638,7,6
2020-12-02,106917.39724986238,2512.066984235913,104405.33026562646,7,6
2020-12-03,107637.58731704517,2512.066984235913,105125.52033280925,7,6
2020-12-04,108010.38576854405,2512.066984235913,105498.31878430813,7,6
2020-12-07,109658.81993310415,2512.066984235913,107146.75294886825,7,6
2020-12-08,109331.22527001708,2512.066984235913,106819.15828578116,7,6
2020-12-09,110595.35884323623,2512.066984235913,108083.29185900032,7,6
2020-12-10,108678.44116297974,3257.219007218915,105421.22215576083,7,7
2020-12-11,108079.4423138649,3257.219007218915,104822.22330664599,7,7
2020-12-14,108521.80749800257,3257.219007218915,105264.58849078366,7,7
2020-12-15,108591.60755014485,3257.219007218915,105334.38854292594,7,7
2020-12-16,109107.86082452077,3257.219007218915,105850.64181730186,7,7
2020-12-17,108971.50667287638,3257.219007218915,105714.28766565747,7,7
2020-12-18,109621.54851854665,3257.219007218915,106364.32951132774,7,7
2020-12-21,106048.40725984707,3996.2729353836985,102052.13432446338,7,8
2020-12-22,107396.53169119128,3996.2729353836985,103400.25875580758,7,8
2020-12-23,108724.04068877065,3996.2729353836985,104727.76775338694,7,8
2020-12-24,110577.3661666208,3996.2729353836985,106581.0932312371,7,8
2020-12-28,112439.59460562351,3996.2729353836985,108443.32167023982,7,8
2020-12-29,111954.80712273892,3996.2729353836985,107958.53418735521,7,8
2020-12-30,112317.29478418655,3996.2729353836985,108321.02184880285,7,8
2020-12-31,111990.92956090815,3996.2729353836985,107994.65662552445,7,8
2021-01-01,112486.38956735129,3996.2729353836985,108490.1166319676,7,8
2021-01-04,114602.68340120633,3996.2729353836985,110606.41046582264,7,8
2021-01-05,114281.72818476171,3996.2729353836985,110285.45524937802,7,8
2021-01-06,114086.76158224573,3996.2729353836985,110090.48864686204,7,8
2021-01-07,115074.28237641673,3996.2729353836985,111078.00944103302,7,8
2021-01-08,116833.7546545169,3996.2729353836985,112837.48171913321,7,8
2021-01-11,119345.97376966852,3996.2729353836985,115349.70083428483,7,8
2021-01-12,122068.74788287087,3996.2729353836985,118072.47494748718,7,8
2021-01-13,123005.43551889938,3996.2729353836985,119009.16258351569,7,8
2021-01-14,124102.97435106384,3996.2729353836985,120106.70141568015,7,8
2021-01-15,124684.27690400972,5640.0393528417735,119044.23755116794,7,9
2021-01-18,122856.02775967773,6540.199618764491,116315.82814091325,7,10
2021-01-19,125711.32425811508,6540.199618764491,119171.1246393506,7,10
2021-01-20,127958.96468476913,6540.199618764491,121418.76506600463,7,10
2021-01-21,129919.94704131564,6540.199618764491,123379.74742255114,7,10
2021-01-22,127949.23742569855,7909.092362331998,120040.14506336655,7,11
2021-01-25,124664.21713099416,10177.160482605603,114487.05664838856,7,12
2021-01-27,121465.99993239428,10574.406245317467,110891.5936870768,7,13
2021-01-28,121071.46174437345,10574.406245317467,110497.05549905598,7,13
2021-01-29,120306.74660414632,4521.534777678447,115785.21182646787,8,14
2021-02-01,124662.08682228402,4521.534777678447,120140.55204460557,8,14
2021-02-02,126684.20836097293,4521.534777678447,122162.67358329448,8,14
2021-02-03,129696.31366389652,4521.534777678447,125174.77888621808,8,14
2021-02-04,130099.58005271091,4521.534777678447,125578.04527503246,8,14
2021-02-05,131451.19290097064,4521.534777678447,126929.65812329217,8,14
2021-02-08,133088.11507633724,4521.534777678447,128566.58029865881,8,14
2021-02-09,133297.0428890853,4521.534777678447,128775.50811140686,8,14
2021-02-10,132910.80695972109,4521.534777678447,128389.27218204264,8,14
2021-02-11,133749.2730359772,4521.534777678447,129227.73825829876,8,14
2021-02-12,132436.04111900073,5825.8826037654,126610.15851523534,8,15
2021-02-15,132232.5669573554,7597.929192783704,124634.63776457169,8,16
2021-02-16,131868.89069063275,7597.929192783704,124270.96149784904,8,16
2021-02-17,130105.21672095761,7597.929192783704,122507.28752817391,8,16
2021-02-18,131160.3175819532,7597.929192783704,123562.38838916949,8,16
2021-02-19,130664.50078268455,7597.929192783704,123066.57158990085,8,16
2021-02-22,127590.77468839657,10667.174909088244,116923.59977930834,8,17
2021-02-23,128251.47592841813,10667.174909088244,117584.3010193299,8,17
2021-02-24,128802.92323938993,10667.174909088244,118135.74833030168,8,17
2021-02-25,130689.05653709063,10667.174909088244,120021.88162800239,8,17
2021-02-26,127750.31617024139,10667.174909088244,117083.14126115316,8,17
2021-03-01,129750.62302443455,10667.174909088244,119083.4481153463,8,17
2021-03-02,131380.11492572888,10667.174909088244,120712.94001664063,8,17
2021-03-03,132986.91897009773,10667.174909088244,122319.7440610095,8,17
2021-03-04,132978.2611951152,10667.174909088244,122311.08628602694,8,17
2021-03-05,131951.87104221404,10667.174909088244,121284.6961331258,8,17
2021-03-08,132099.10950832014,10667.174909088244,121431.93459923188,8,17
2021-03-09,131475.5085382599,12140.423810613185,119335.0847276467,8,18
2021-03-10,133037.95052019574,12140.423810613185,120897.52670958255,8,18
2021-03-12,131880.8313551399,13194.63118533742,118686.2001698025,8,19
2021-03-15,130577.72751943495,13194.63118533742,117383.09633409753,8,19
2021-03-16,132528.14965753476,13194.63118533742,119333.51847219733,8,19
2021-03-17,131602.0370706275,13194.63118533742,118407.40588529009,8,19
2021-03-18,130341.37665668559,13194.63118533742,117146.74547134817,8,19
2021-03-19,131812.8824956952,13194.63118533742,118618.2513103578,8,19
2021-03-22,133252.9444857324,13194.63118533742,120058.313300395,8,19
2021-03-23,134156.26379308169,13194.63118533742,120961.63260774426,8,19
2021-03-24,133530.41607989185,13194.63118533742,120335.78489455441,8,19
2021-03-25,131320.56301981176,13194.63118533742,118125.93183447435,8,19
2021-03-26,133327.87809824225,13194.63118533742,120133.24691290483,8,19
2021-03-30,135873.13115274688,13194.63118533742,122678.49996740946,8,19
2021-03-31,135635.86369335055,13194.63118533742,122441.23250801313,8,19
2021-04-01,136674.75079322996,13194.63118533742,123480.11960789254,8,19
2021-04-05,136022.94486363902,13194.63118533742,122828.3136783016,8,19
2021-04-06,137573.73633746788,13194.63118533742,124379.10515213046,8,19
2021-04-07,139427.0987937316,13194.63118533742,126232.46760839416,8,19
2021-04-08,140104.29916718323,13194.63118533742,126909.66798184582,8,19
2021-04-09,139922.15133214957,13194.63118533742,126727.52014681214,8,19
2021-04-12,137171.86914429575,13557.748681893216,123614.12046240254,8,20
2021-04-13,136483.92258045112,14295.973089944731,122187.94949050639,8,21
2021-04-15,135939.2854920042,486.1082744533196,135453.17721755087,9,22
2021-04-16,137017.06934653874,1432.824911246542,135584.2444352922,9,23
2021-04-19,133791.74023843024,1432.824911246542,132358.9153271837,9,23
2021-04-20,133721.9629542326,1432.824911246542,132289.13804298604,9,23
2021-04-22,134276.6481411862,1432.824911246542,132843.82322993965,9,23
2021-04-23,134175.85164103063,1432.824911246542,132743.0267297841,9,23
2021-04-26,135796.31378082262,1432.824911246542,134363.48886957607,9,23
2021-04-27,138249.72837717613,1432.824911246542,136816.9034659296,9,23
2021-04-28,141902.44944756964,1432.824911246542,140469.6245363231,9,23
2021-04-29,142511.3594854622,1432.824911246542,141078.53457421565,9,23
2021-04-30,142565.24154750945,1432.824911246542,141132.4166362629,9,23
2021-05-03,143130.33307064555,1432.824911246542,141697.508159399,9,23
2021-05-04,142870.7378286165,1432.824911246542,141437.91291736995,9,23
2021-05-05,143593.93539029662,1432.824911246542,142161.11047905008,9,23
2021-05-06,144561.1077881502,1432.824911246542,143128.28287690366,9,23
2021-05-07,144971.18312512373,1432.824911246542,143538.3582138772,9,23
2021-05-10,146598.4024169009,1432.824911246542,145165.57750565436,9,23
2021-05-11,146659.12434280594,1432.824911246542,145226.2994315594,9,23
2021-05-12,144777.8065124038,4259.875909029248,140517.93060337455,9,24
2021-05-14,143810.67764296848,6273.515991405755,137537.16165156272,9,25
2021-05-17,146574.19159558392,7000.850555588051,139573.34103999587,9,26
2021-05-18,148877.35037232793,7000.850555588051,141876.49981673987,9,26
2021-05-19,149192.82455721925,7000.850555588051,142191.9740016312,9,26
2021-05-20,149617.19343803285,7000.850555588051,142616.3428824448,9,26
2021-05-21,151709.61845492708,7000.850555588051,144708.76789933903,9,26
2021-05-24,152448.84657269882,7000.850555588051,145447.99601711077,9,26
2021-05-25,153612.75658476714,7000.850555588051,146611.90602917908,9,26
2021-05-26,154984.7125270659,7000.850555588051,147983.86197147783,9,26
2021-05-27,156049.71538481614,7000.850555588051,149048.86482922809,9,26
2021-05-28,157179.6099164712,7000.850555588051,150178.75936088315,9,26
2021-05-31,157209.49193663325,8345.085215062092,148864.40672157117,9,27
2021-06-01,156651.28734421206,9357.809182862664,147293.4781613494,9,28
2021-06-02,157602.66637354862,9357.809182862664,148244.85719068596,9,28
2021-06-03,157785.8640964693,9357.809182862664,148428.05491360664,9,28
2021-06-04,157555.4622775654,9357.809182862664,148197.65309470275,9,28
2021-06-07,158158.13522122853,10355.312587311142,147802.82263391739,9,29
2021-06-08,158549.93886086353,10355.312587311142,148194.6262735524,9,29
2021-06-09,157149.52266336465,13802.204912960398,143347.31775040424,9,30
2021-06-10,158306.96694743203,13802.204912960398,144504.7620344716,9,30
2021-06-11,160458.2213179007,13802.204912960398,146656.01640494028,9,30
2021-06-14,160630.5609845259,13802.204912960398,146828.35607156547,9,30
2021-06-15,161053.53201682476,13802.204912960398,147251.32710386437,9,30
2021-06-16,159668.02764298263,1132.3849904621093,158535.64265252053,10,31
2021-06-17,156362.59724803088,3950.2588831145295,152412.33836491636,10,32
2021-06-18,157665.44157468033,5631.717102666684,152033.72447201365,10,33
2021-06-21,158908.59204313817,5631.717102666684,153276.8749404715,10,33
2021-06-22,159072.65581261987,8062.725632521175,151009.9301800987,10,34
2021-06-23,158040.81512721075,8062.725632521175,149978.08949468957,10,34
2021-06-24,158270.06311083693,8062.725632521175,150207.33747831575,10,34
2021-06-25,159982.44576842868,8062.725632521175,151919.7201359075,10,34
2021-06-28,161120.89732075468,8062.725632521175,153058.1716882335,10,34
2021-06-29,160011.77590687582,8062.725632521175,151949.05027435464,10,34
2021-06-30,159225.49561084498,8062.725632521175,151162.7699783238,10,34
2021-07-01,160257.43805727642,8062.725632521175,152194.71242475524,10,34
2021-07-02,159603.6976168151,8062.725632521175,151540.97198429392,10,34
2021-07-05,160923.66360627714,8062.725632521175,152860.93797375596,10,34
2021-07-06,161430.67057043672,8062.725632521175,153367.94493791554,10,34
2021-07-07,163735.48914870396,8062.725632521175,155672.76351618278,10,34
2021-07-08,161247.5930324992,8062.725632521175,153184.86739997801,10,34
2021-07-09,162650.14338533024,8062.725632521175,154587.41775280907,10,34
2021-07-12,162539.91419622942,8062.725632521175,154477.18856370825,10,34
2021-07-13,162624.92028144994,8062.725632521175,154562.19464892877,10,34
2021-07-14,162338.22928284275,8062.725632521175,154275.50365032157,10,34
2021-07-15,163047.33349043754,8062.725632521175,154984.60785791636,10,34
2021-07-16,162969.53638204964,8062.725632521175,154906.81074952846,10,34
2021-07-19,160644.6706540793,8062.725632521175,152581.94502155812,10,34
2021-07-20,158248.1613802355,9867.902744237796,148380.2586359977,10,35
2021-07-22,160210.6679045243,9867.902744237796,150342.7651602865,10,35
2021-07-23,159578.60860375653,9867.902744237796,149710.70585951873,10,35
2021-07-26,159498.50715783873,9867.902744237796,149630.60441360093,10,35
2021-07-27,157691.79753417804,9867.902744237796,147823.89478994024,10,35
2021-07-28,157481.4763187537,9867.902744237796,147613.5735745159,10,35
2021-07-29,159831.36365778957,9867.902744237796,149963.46091355177,10,35
2021-07-30,161416.01230474334,9867.902744237796,151548.10956050555,10,35
2021-08-02,162570.47604288062,9867.902744237796,152702.57329864282,10,35
2021-08-03,163977.5664687931,9867.902744237796,154109.6637245553,10,35
2021-08-04,163098.1847287762,9867.902744237796,153230.2819845384,10,35
2021-08-05,163779.45893546022,9867.902744237796,153911.55619122242,10,35
2021-08-06,164480.13454469055,9867.902744237796,154612.23180045275,10,35
2021-08-09,163797.3587683248,11886.04185424693,151911.31691407788,10,36
2021-08-10,162102.7115225678,13039.113730178931,149063.59779238887,10,37
2021-08-11,162068.0038981501,13039.113730178931,149028.89016797117,10,37
2021-08-12,162229.11535946827,13039.113730178931,149190.00162928933,10,37
2021-08-13,161684.1452860072,13039.113730178931,148645.03155582826,10,37
2021-08-16,160849.34425750867,13039.113730178931,147810.23052732972,10,37
2021-08-17,159960.72539160567,13039.113730178931,146921.61166142672,10,37
2021-08-18,160660.50803884168,13039.113730178931,147621.39430866274,10,37
2021-08-20,157262.21268451726,123.13288325390022,157139.07980126335,11,38
2021-08-23,155353.35965237732,123.13288325390022,155230.22676912343,11,38
2021-08-24,158202.4943321455,123.13288325390022,158079.3614488916,11,38
2021-08-25,158785.89233460434,123.13288325390022,158662.75945135046,11,38
2021-08-26,157875.64996274345,123.13288325390022,157752.51707948954,11,38
2021-08-27,159368.51098409836,123.13288325390022,159245.37810084445,11,38
2021-08-30,161651.34934863017,123.13288325390022,161528.21646537626,11,38
2021-08-31,163676.0131311491,123.13288325390022,163552.88024789523,11,38
2021-09-01,163633.61335458112,123.13288325390022,163510.48047132723,11,38
2021-09-02,164705.99903634452,123.13288325390022,164582.86615309064,11,38
2021-09-03,165839.60741335584,123.13288325390022,165716.47453010193,11,38
2021-09-06,166469.020964753,123.13288325390022,166345.8880814991,11,38
2021-09-07,165964.14189848432,123.13288325390022,165841.00901523043,11,38
2021-09-08,166233.85185735754,123.13288325390022,166110.71897410363,11,38
2021-09-09,166748.91687722172,123.13288325390022,166625.78399396784,11,38
2021-09-13,167341.99365767167,123.13288325390022,167218.86077441776,11,38
2021-09-14,168762.87219168205,123.13288325390022,168639.73930842814,11,38
2021-09-15,170535.284234637,123.13288325390022,170412.15135138307,11,38
2021-09-16,171614.63164154682,1007.149856379785,170607.48178516704,11,39
2021-09-17,170134.6157289029,1007.149856379785,169127.4658725231,11,39
2021-09-20,163850.87634330147,2521.4568054693445,161329.41953783212,11,40
2021-09-21,166385.93318784662,3432.0270615893387,162953.9061262573,11,41
2021-09-22,168069.14321801317,3432.0270615893387,164637.11615642384,11,41
2021-09-23,169819.1616043325,3432.0270615893387,166387.13454274318,11,41
2021-09-24,168799.61559194216,3432.0270615893387,165367.5885303528,11,41
2021-09-27,169796.61610963673,3432.0270615893387,166364.58904804738,11,41
2021-09-28,169872.5471856863,3432.0270615893387,166440.52012409698,11,41
2021-09-29,170469.1152236876,5553.108307460992,164916.00691622662,11,42
2021-09-30,169408.14805161674,5553.108307460992,163855.03974415574,11,42
2021-10-01,170342.145938984,5553.108307460992,164789.037631523,11,42
2021-10-04,172345.52438467258,5553.108307460992,166792.4160772116,11,42
2021-10-05,172719.21142789928,5553.108307460992,167166.1031204383,11,42
2021-10-06,170141.0227622644,5553.108307460992,164587.9144548034,11,42
2021-10-07,174518.09825618484,5553.108307460992,168964.98994872384,11,42
2021-10-08,174683.1193560028,5553.108307460992,169130.0110485418,11,42
2021-10-11,177707.7555807645,5553.108307460992,172154.6472733035,11,42
2021-10-12,178756.3929867406,5553.108307460992,173203.2846792796,11,42
2021-10-13,185140.6190780795,5553.108307460992,179587.5107706185,11,42
2021-10-14,184942.10163153708,5553.108307460992,179388.9933240761,11,42
2021-10-18,185807.81743493458,5553.108307460992,180254.7091274736,11,42
2021-10-19,182186.52048339756,5553.108307460992,176633.41217593657,11,42
2021-10-20,179823.06385112542,6636.50814784407,173186.55570328134,11,43
2021-10-21,180904.00751373533,6636.50814784407,174267.49936589124,11,43
2021-10-22,179247.3344477585,9671.24306557716,169576.09138218136,11,44
2021-10-25,177703.5664618669,9671.24306557716,168032.32339628972,11,44
2021-10-26,180716.1264297639,9671.24306557716,171044.88336418677,11,44
2021-10-27,180739.59496785724,9671.24306557716,171068.35190228006,11,44
2021-10-28,177879.7503866265,3552.5933882645695,174327.15699836193,12,45
2021-10-29,177224.65310481284,4257.896832769762,172966.75627204307,12,46
2021-11-01,179801.03287641777,4257.896832769762,175543.136043648,12,46
2021-11-02,178949.70170450272,4257.896832769762,174691.80487173295,12,46
2021-11-03,180204.18059568224,4257.896832769762,175946.28376291247,12,46
2021-11-04,181570.46097313336,4257.896832769762,177312.5641403636,12,46
2021-11-08,183309.0776502212,4257.896832769762,179051.18081745144,12,46
2021-11-09,183567.05990569695,4257.896832769762,179309.1630729272,12,46
2021-11-10,183111.66638354425,4257.896832769762,178853.76955077448,12,46
2021-11-11,182094.80553969945,4257.896832769762,177836.90870692968,12,46
2021-11-12,183247.09790401894,4257.896832769762,178989.20107124918,12,46
2021-11-15,184118.64560414353,4257.896832769762,179860.74877137376,12,46
2021-11-16,183283.36580916462,4257.896832769762,179025.46897639486,12,46
2021-11-17,184284.06558138473,5292.266837129591,178991.79874425512,12,47
2021-11-18,181425.02417735205,5292.266837129591,176132.75734022245,12,47
2021-11-22,178523.56011192218,5292.266837129591,173231.29327479258,12,47
2021-11-23,179993.1408820181,6314.011069962209,173679.1298120559,12,48
2021-11-24,179611.43126844027,6314.011069962209,173297.42019847807,12,48
2021-11-25,179912.42921648646,6314.011069962209,173598.41814652426,12,48
2021-11-26,174918.05839087386,6314.011069962209,168604.04732091166,12,48
2021-11-29,173184.1263318154,6314.011069962209,166870.1152618532,12,48
2021-11-30,171820.88431652563,6314.011069962209,165506.87324656342,12,48
2021-12-01,174210.79057089234,6314.011069962209,167896.77950093013,12,48
2021-12-02,176337.2360013169,6314.011069962209,170023.2249313547,12,48
2021-12-03,175589.01733436238,9735.170785119888,165853.8465492425,12,49
2021-12-06,172566.1602881198,9735.170785119888,162830.98950299993,12,49
2021-12-07,175293.46804326982,9735.170785119888,165558.29725814992,12,49
2021-12-08,177368.14111986134,9735.170785119888,167632.97033474146,12,49
2021-12-09,178094.54722561635,9735.170785119888,168359.37644049645,12,49
2021-12-10,177887.8319083242,9735.170785119888,168152.66112320434,12,49
2021-12-13,176914.7848269929,9735.170785119888,167179.614041873,12,49
2021-12-14,177459.28378718317,9735.170785119888,167724.1130020633,12,49
2021-12-15,176439.4189389482,9735.170785119888,166704.24815382832,12,49
2021-12-16,176312.44616911875,9735.170785119888,166577.27538399884,12,49
2021-12-17,172719.5419065875,9735.170785119888,162984.37112146762,12,49
2021-12-20,168464.3116347461,9735.170785119888,158729.1408496262,12,49
2021-12-21,170639.1213743005,9735.170785119888,160903.95058918063,12,49
2021-12-22,172615.89519524295,9735.170785119888,162880.72441012305,12,49
2021-12-23,173580.7343131139,9735.170785119888,163845.563527994,12,49
2021-12-24,171667.5453234348,9735.170785119888,161932.37453831494,12,49
2021-12-27,172481.32546918286,9735.170785119888,162746.15468406296,12,49
2021-12-28,173900.97709440812,9735.170785119888,164165.80630928822,12,49
2021-12-29,174504.57257581636,9735.170785119888,164769.40179069646,12,49
2021-12-30,174367.42913778423,9735.170785119888,164632.25835266436,12,49
2021-12-31,175540.79787573818,9735.170785119888,165805.6270906183,12,49
2022-01-03,179033.7112394796,9735.170785119888,169298.5404543597,12,49
2022-01-04,180021.1468581186,9735.170785119888,170285.9760729987,12,49
2022-01-05,182256.73170669685,9735.170785119888,172521.56092157698,12,49
2022-01-06,182437.0843931361,9735.170785119888,172701.91360801618,12,49
2022-01-07,182812.92781034927,9735.170785119888,173077.7570252294,12,49
2022-01-10,184289.99335475324,9735.170785119888,174554.82256963334,12,49
2022-01-11,182510.0374283836,9735.170785119888,172774.86664326373,12,49
2022-01-12,183883.84479397058,9735.170785119888,174148.6740088507,12,49
2022-01-13,186664.3247470006,9735.170785119888,176929.15396188071,12,49
2022-01-14,185254.87497639086,10632.549014139295,174622.32596225155,12,50
2022-01-17,186368.94706337302,11223.22939042457,175145.71767294846,12,51
2022-01-18,182878.07319563208,12256.324202589152,170621.74899304294,12,52
2022-01-19,181613.2016076537,12256.324202589152,169356.87740506453,12,52
2022-01-20,180675.97237444133,12256.324202589152,168419.64817185217,12,52
2022-01-21,179082.66091720533,12256.324202589152,166826.33671461616,12,52
2022-01-24,174390.18901457073,12256.324202589152,162133.86481198156,12,52
2022-01-25,176788.53882505896,12256.324202589152,164532.21462246982,12,52
2022-01-27,174271.07271077245,12256.324202589152,162014.74850818331,12,52
2022-01-28,175679.06738822116,12256.324202589152,163422.743185632,12,52
2022-01-31,177045.41949197347,12256.324202589152,164789.0952893843,12,52
2022-02-01,178542.04134005652,12256.324202589152,166285.71713746735,12,52
2022-02-02,181552.18539069244,12256.324202589152,169295.8611881033,12,52
2022-02-03,179762.4672862987,12256.324202589152,167506.14308370955,12,52
2022-02-04,179053.8268697487,12256.324202589152,166797.50266715957,12,52
2022-02-07,176608.04843670555,12256.324202589152,164351.72423411638,12,52
2022-02-08,176767.04133263777,12256.324202589152,164510.7171300486,12,52
2022-02-09,179862.60007179494,12256.324202589152,167606.27586920577,12,52
2022-02-10,180438.46214934462,12256.324202589152,168182.13794675545,12,52
2022-02-11,179114.16039147478,12256.324202589152,166857.83618888565,12,52
2022-02-14,174527.97484142054,12256.324202589152,162271.65063883137,12,52
2022-02-15,179152.3102437142,12256.324202589152,166895.98604112503,12,52
2022-02-16,178772.92772537004,12256.324202589152,166516.60352278088,12,52
2022-02-17,178535.4332465047,12256.324202589152,166279.10904391555,12,52
2022-02-18,178545.27027582575,12256.324202589152,166288.9460732366,12,52
2022-02-21,177162.72765867866,12256.324202589152,164906.40345608952,12,52
2022-02-22,176339.5072732399,12256.324202589152,164083.18307065076,12,52
2022-02-23,175996.2065209875,12256.324202589152,163739.88231839836,12,52
2022-02-24,167751.77637016383,12256.324202589152,155495.4521675747,12,52
2022-02-25,173282.84545878798,12256.324202589152,161026.52125619884,12,52
2022-02-28,175351.09547631582,12256.324202589152,163094.77127372668,12,52
2022-03-02,174743.3333376699,12256.324202589152,162487.00913508073,12,52
2022-03-03,175008.66390299634,12256.324202589152,162752.3397004072,12,52
2022-03-04,172295.63067427865,12256.324202589152,160039.3064716895,12,52
2022-03-07,170554.09017073124,12256.324202589152,158297.7659681421,12,52
2022-03-08,172479.53677252308,12256.324202589152,160223.21256993394,12,52
2022-03-09,173217.94722998154,12256.324202589152,160961.6230273924,12,52
2022-03-10,175030.59796699986,13485.669873441759,161544.9280935581,12,53
2022-03-11,175907.86758675013,13485.669873441759,162422.1977133084,12,53
2022-03-14,176852.69938695047,13485.669873441759,163367.0295135087,12,53
2022-03-15,174683.7372699895,13485.669873441759,161198.06739654776,12,53
2022-03-16,177981.32046007848,13485.669873441759,164495.6505866367,12,53
2022-03-17,180310.49069576,13485.669873441759,166824.82082231823,12,53
2022-03-21,178164.2488468791,13485.669873441759,164678.57897343737,12,53
2022-03-22,179248.48735404812,13485.669873441759,165762.81748060635,12,53
2022-03-23,179140.25979381002,13485.669873441759,165654.58992036825,12,53
2022-03-24,179666.94573363295,13485.669873441759,166181.2758601912,12,53
2022-03-25,179327.68128301628,13485.669873441759,165842.0114095745,12,53
2022-03-28,179693.76236894075,13485.669873441759,166208.09249549898,12,53
2022-03-29,180634.73458188132,13485.669873441759,167149.06470843955,12,53
2022-03-30,180468.8970071423,14207.624299383911,166261.2727077584,12,54
2022-03-31,179896.01453113952,14207.624299383911,165688.39023175562,12,54
2022-04-01,183344.6947893079,14207.624299383911,169137.070489924,12,54
2022-04-04,185275.3003928903,14207.624299383911,171067.67609350636,12,54
2022-04-05,186321.8780042244,14207.624299383911,172114.25370484046,12,54
2022-04-06,186149.68662437197,14207.624299383911,171942.06232498807,12,54
2022-04-07,185606.1228359199,14207.624299383911,171398.49853653598,12,54
2022-04-08,186544.4780757937,14207.624299383911,172336.8537764098,12,54
2022-04-11,185877.8800624131,14207.624299383911,171670.25576302918,12,54
2022-04-12,184449.96442565427,14207.624299383911,170242.34012627034,12,54
2022-04-13,184740.58203391155,14207.624299383911,170532.95773452765,12,54
2022-04-18,184710.85377786565,14207.624299383911,170503.22947848175,12,54
2022-04-19,183372.16883353255,14207.624299383911,169164.54453414865,12,54
2022-04-20,185801.83111936133,14207.624299383911,171594.2068199774,12,54
2022-04-21,188231.14329234266,14207.624299383911,174023.51899295874,12,54
2022-04-22,186077.60026037937,14207.624299383911,171869.97596099545,12,54
2022-04-25,182918.50676865014,1859.3393389617486,181059.1674296884,13,55
2022-04-26,184409.68890984074,2334.5393389617457,182075.149570879,13,56
2022-04-27,182937.01903075312,2334.5393389617457,180602.47969179138,13,56
2022-04-28,184353.19710079452,2334.5393389617457,182018.6577618328,13,56
2022-04-29,181724.4068523671,3386.9811704046588,178337.42568196243,13,57
2022-05-02,179713.47468509787,3386.9811704046588,176326.4935146932,13,57
2022-05-04,175281.43037162087,3386.9811704046588,171894.44920121622,13,57
2022-05-05,175796.9358553692,3386.9811704046588,172409.95468496453,13,57
2022-05-06,172492.13466296252,3386.9811704046588,169105.15349255785,13,57
2022-05-09,171410.42048270756,3386.9811704046588,168023.43931230291,13,57
2022-05-10,170780.91736844124,3386.9811704046588,167393.9361980366,13,57
2022-05-11,169456.23087639606,3386.9811704046588,166069.24970599142,13,57
2022-05-12,166752.97588382429,3386.9811704046588,163365.99471341964,13,57
2022-05-13,166440.57321790763,3386.9811704046588,163053.59204750296,13,57
2022-05-16,167993.13887775084,3386.9811704046588,164606.1577073462,13,57
2022-05-17,172675.17845722754,3386.9811704046588,169288.19728682286,13,57
2022-05-18,171829.636057515,3386.9811704046588,168442.65488711032,13,57
2022-05-19,165821.7766019359,3386.9811704046588,162434.79543153127,13,57
2022-05-20,170014.20850354154,3386.9811704046588,166627.22733313686,13,57
2022-05-23,170939.30768194416,3386.9811704046588,167552.32651153952,13,57
2022-05-24,168138.42344002356,3386.9811704046588,164751.44226961888,13,57
2022-05-25,165254.99129777058,3386.9811704046588,161868.0101273659,13,57
2022-05-26,167142.37517018453,3386.9811704046588,163755.39399977986,13,57
2022-05-27,170576.6030159011,3386.9811704046588,167189.62184549644,13,57
2022-05-30,173879.89843351528,3386.9811704046588,170492.91726311063,13,57
2022-05-31,174541.22276779276,3386.9811704046588,171154.2415973881,13,57
2022-06-01,171457.91007223254,3386.9811704046588,168070.9289018279,13,57
2022-06-02,171678.6282623065,3386.9811704046588,168291.64709190183,13,57
2022-06-03,171110.81800653134,3386.9811704046588,167723.83683612666,13,57
2022-06-06,171177.60884789302,3386.9811704046588,167790.62767748837,13,57
2022-06-07,169155.25116164848,3386.9811704046588,165768.26999124384,13,57
2022-06-08,169307.19072046917,3386.9811704046588,165920.20955006452,13,57
2022-06-09,171322.74801808305,3386.9811704046588,167935.76684767837,13,57
2022-06-10,169605.42299485486,3386.9811704046588,166218.4418244502,13,57
2022-06-13,164812.63667547918,3386.9811704046588,161425.6555050745,13,57
2022-06-14,163936.63199157774,3386.9811704046588,160549.6508211731,13,57
2022-06-15,163429.10338109493,3386.9811704046588,160042.1222106903,13,57
2022-06-16,159451.3716651093,3386.9811704046588,156064.39049470465,13,57
2022-06-17,157223.20459187118,3386.9811704046588,153836.2234214665,13,57
2022-06-20,157803.35693760146,3386.9811704046588,154416.37576719682,13,57
2022-06-21,161309.83602680685,3386.9811704046588,157922.8548564022,13,57
2022-06-22,158841.85908891936,3386.9811704046588,155454.8779185147,13,57
2022-06-23,161968.16316847183,3386.9811704046588,158581.1819980672,13,57
2022-06-24,162558.15797879914,3386.9811704046588,159171.1768083945,13,57
2022-06-27,164781.01942164835,3386.9811704046588,161394.0382512437,13,57
2022-06-28,166246.85826680704,3386.9811704046588,162859.87709640237,13,57
2022-06-29,164277.17133468832,3386.9811704046588,160890.19016428365,13,57
2022-06-30,161610.48358588235,3386.9811704046588,158223.5024154777,13,57
2022-07-01,162868.94025347516,3386.9811704046588,159481.9590830705,13,57
2022-07-04,163943.95499208418,3386.9811704046588,160556.97382167954,13,57
2022-07-05,164025.84875346936,3386.9811704046588,160638.8675830647,13,57
2022-07-06,166548.22933628893,3386.9811704046588,163161.24816588426,13,57
2022-07-07,168340.41994381452,3386.9811704046588,164953.43877340984,13,57
2022-07-08,168514.94152619306,3386.9811704046588,165127.9603557884,13,57
2022-07-11,167586.29790108104,3386.9811704046588,164199.31673067636,13,57
2022-07-12,165470.4022504519,4383.353077048945,161087.04917340295,13,58
2022-07-13,165313.20335071906,4383.353077048945,160929.85027367013,13,58
2022-07-14,164797.53331122402,4383.353077048945,160414.18023417506,13,58
2022-07-15,165415.60915844847,4383.353077048945,161032.2560813995,13,58
2022-07-18,169162.94005427416,4383.353077048945,164779.5869772252,13,58
2022-07-19,169677.963297326,4383.353077048945,165294.61022027704,13,58
2022-07-20,172673.1158972655,4383.353077048945,168289.76282021654,13,58
2022-07-21,174647.86408378248,4383.353077048945,170264.51100673355,13,58
2022-07-22,174170.97275309963,4383.353077048945,169787.61967605067,13,58
2022-07-25,174090.4042075529,4383.353077048945,169707.05113050394,13,58
2022-07-26,170637.86833191197,4383.353077048945,166254.515254863,13,58
2022-07-27,172505.49790378148,4383.353077048945,168122.14482673255,13,58
2022-07-28,175662.59852167405,4383.353077048945,171279.24544462512,13,58
2022-07-29,178158.38974387414,4383.353077048945,173775.03666682518,13,58
2022-08-01,179621.26947110682,4383.353077048945,175237.91639405786,13,58
2022-08-02,179544.18894394394,4383.353077048945,175160.835866895,13,58
2022-08-03,179944.30618910154,4383.353077048945,175560.9531120526,13,58
2022-08-04,181414.47865382227,4383.353077048945,177031.1255767733,13,58
2022-08-05,181414.99988918338,4383.353077048945,177031.64681213445,13,58
2022-08-08,181909.19537410617,4383.353077048945,177525.84229705724,13,58
2022-08-10,182153.78480012785,5612.757386301164,176541.02741382667,13,59
2022-08-11,182927.58204826067,5612.757386301164,177314.82466195952,13,59
2022-08-12,182052.5784228986,5612.757386301164,176439.82103659742,13,59
2022-08-16,183295.0104180572,5612.757386301164,177682.25303175603,13,59
2022-08-17,185093.74885364046,5612.757386301164,179480.99146733928,13,59
2022-08-18,184001.16536226933,5612.757386301164,178388.40797596815,13,59
2022-08-19,181830.31350778806,6556.214510138736,175274.09899764933,13,60
2022-08-22,179009.47676760168,6556.214510138736,172453.26225746295,13,60
2022-08-23,179241.5542878152,6556.214510138736,172685.33977767648,13,60
2022-08-24,180011.10663469203,6556.214510138736,173454.8921245533,13,60
2022-08-25,179260.10174333837,6556.214510138736,172703.88723319964,13,60
2022-08-26,179711.0253081631,6556.214510138736,173154.81079802438,13,60
2022-08-29,176918.12603657137,6556.214510138736,170361.91152643264,13,60
2022-08-30,180770.1305006299,6556.214510138736,174213.91599049116,13,60
2022-09-01,178592.72916905774,6556.214510138736,172036.514658919,13,60
2022-09-02,177328.46388883263,6556.214510138736,170772.2493786939,13,60
2022-09-05,177825.54857568076,6556.214510138736,171269.33406554203,13,60
2022-09-06,178572.7311080174,6556.214510138736,172016.51659787868,13,60
2022-09-07,178167.7797059077,6556.214510138736,171611.56519576898,13,60
2022-09-08,179415.7574254556,6556.214510138736,172859.54291531688,13,60
2022-09-09,181099.65501545658,6556.214510138736,174543.44050531785,13,60
2022-09-12,182841.6386595064,6556.214510138736,176285.42414936767,13,60
2022-09-13,183688.50288460686,6556.214510138736,177132.28837446813,13,60
2022-09-14,182069.04913350742,6556.214510138736,175512.8346233687,13,60
2022-09-15,179141.58199048685,6556.214510138736,172585.36748034813,13,60
2022-09-16,174941.5622164059,6556.214510138736,168385.34770626717,13,60
2022-09-19,175099.48047323152,6556.214510138736,168543.2659630928,13,60
2022-09-20,178320.16427506827,6556.214510138736,171763.94976492954,13,60
2022-09-21,177076.82760227637,6556.214510138736,170520.61309213765,13,60
2022-09-22,176737.46574443625,6556.214510138736,170181.25123429752,13,60
2022-09-23,173739.14992149704,8722.800583639702,165016.34933785733,13,61
2022-09-26,171615.38024620284,8722.800583639702,162892.57966256313,13,61
2022-09-27,172623.47159352142,8722.800583639702,163900.6710098817,13,61
2022-09-28,173016.48516898032,8722.800583639702,164293.6845853406,13,61
2022-09-29,173505.04852937552,8722.800583639702,164782.2479457358,13,61
2022-09-30,174692.41137710676,8722.800583639702,165969.61079346706,13,61
2022-10-03,173697.35598556045,8722.800583639702,164974.55540192075,13,61
2022-10-04,176371.33733206388,8722.800583639702,167648.53674842417,13,61
2022-10-06,177382.7409759468,8722.800583639702,168659.9403923071,13,61
2022-10-07,177152.77891793152,8722.800583639702,168429.9783342918,13,61
2022-10-10,177082.60420806851,8722.800583639702,168359.8036244288,13,61
2022-10-11,173971.23242671732,8722.800583639702,165248.43184307762,13,61
2022-10-12,176114.7061820373,8722.800583639702,167391.9055983976,13,61
2022-10-13,175108.2923162783,8722.800583639702,166385.4917326386,13,61
2022-10-14,175942.73153425788,8722.800583639702,167219.93095061817,13,61
2022-10-17,175814.33321669608,8722.800583639702,167091.53263305637,13,61
2022-10-18,177134.18644694326,8722.800583639702,168411.38586330356,13,61
2022-10-19,176592.28522067989,8722.800583639702,167869.48463704018,13,61
2022-10-20,178251.25783710898,8722.800583639702,169528.45725346927,13,61
2022-10-21,178281.22849425153,8722.800583639702,169558.42791061182,13,61
2022-10-24,179178.2774229639,8722.800583639702,170455.4768393242,13,61
2022-10-25,179776.10616198095,8722.800583639702,171053.30557834124,13,61
2022-10-27,180846.20554975292,8722.800583639702,172123.40496611322,13,61
2022-10-28,180974.18441935597,8722.800583639702,172251.38383571626,13,61
2022-10-31,181419.47555804357,8722.800583639702,172696.67497440387,13,61
2022-11-01,183700.90855525245,8722.800583639702,174978.10797161274,13,61
2022-11-02,183037.10601965216,8722.800583639702,174314.30543601245,13,61
2022-11-03,182287.26397602673,8722.800583639702,173564.46339238703,13,61
2022-11-04,182565.41258150915,10512.487135712505,172052.92544579666,13,62
2022-11-07,184889.7957060064,10512.487135712505,174377.3085702939,13,62
2022-11-09,183772.7957025832,10512.487135712505,173260.3085668707,13,62
2022-11-10,182773.18601278146,10512.487135712505,172260.69887706896,13,62
2022-11-11,186312.55434804157,10512.487135712505,175800.06721232907,13,62
2022-11-14,187154.70838358803,10512.487135712505,176642.22124787554,13,62
2022-11-15,187873.13575591284,10512.487135712505,177360.64862020034,13,62
2022-11-16,186868.66054620914,10512.487135712505,176356.17341049665,13,62
2022-11-17,185534.87518324348,10512.487135712505,175022.38804753099,13,62
2022-11-18,185001.65889104456,10512.487135712505,174489.17175533206,13,62
2022-11-21,184466.30599382086,10512.487135712505,173953.81885810837,13,62
2022-11-22,185620.82751585494,10512.487135712505,175108.34038014244,13,62
2022-11-23,186012.26409567814,10512.487135712505,175499.77695996565,13,62
2022-11-24,189351.97287394892,10512.487135712505,178839.48573823643,13,62
2022-11-25,189347.01119932835,10512.487135712505,178834.52406361586,13,62
2022-11-28,189201.41853919235,10512.487135712505,178688.93140347986,13,62
2022-11-29,190411.9526872115,10512.487135712505,179899.46555149902,13,62
2022-11-30,192692.96208192644,10512.487135712505,182180.47494621394,13,62
2022-12-01,193653.82191429188,10512.487135712505,183141.3347785794,13,62
2022-12-02,193900.43008301928,10512.487135712505,183387.9429473068,13,62
2022-12-05,193485.46140895982,10512.487135712505,182972.97427324732,13,62
2022-12-06,192276.74024374402,10512.487135712505,181764.25310803152,13,62
2022-12-07,191252.7483189774,10512.487135712505,180740.2611832649,13,62
2022-12-08,191050.4039623592,10512.487135712505,180537.91682664672,13,62
2022-12-09,188581.35239108992,10512.487135712505,178068.86525537743,13,62
2022-12-12,189054.8185687317,10512.487135712505,178542.3314330192,13,62
2022-12-13,189339.55836111345,10512.487135712505,178827.07122540096,13,62
2022-12-14,190712.21582140823,11490.327515024903,179221.88830638333,13,63
2022-12-15,188998.2994960337,11490.327515024903,177507.9719810088,13,63
2022-12-16,186656.75950822822,11490.327515024903,175166.43199320332,13,63
2022-12-19,187991.67967232427,11490.327515024903,176501.35215729938,13,63
2022-12-20,187530.42954808258,11490.327515024903,176040.1020330577,13,63
2022-12-21,187560.68787090268,14661.186263568528,172899.50160733415,13,64
2022-12-22,186414.91853327947,14661.186263568528,171753.73226971095,13,64
2022-12-23,182696.26443996513,14661.186263568528,168035.0781763966,13,64
2022-12-26,184084.6057728048,14661.186263568528,169423.41950923626,13,64
2022-12-27,186245.71673044664,14661.186263568528,171584.53046687812,13,64
2022-12-28,185700.12504860334,14661.186263568528,171038.9387850348,13,64
2022-12-29,185102.41809606965,14661.186263568528,170441.23183250113,13,64
2022-12-30,185909.38854955533,14661.186263568528,171248.2022859868,13,64
2023-01-02,186483.9940550663,14661.186263568528,171822.80779149776,13,64
2023-01-03,186586.82483805757,14661.186263568528,171925.63857448904,13,64
2023-01-04,184290.2640716749,14661.186263568528,169629.07780810638,13,64
2023-01-05,184630.75592740945,14661.186263568528,169969.56966384093,13,64
2023-01-06,182758.42103842003,14661.186263568528,168097.2347748515,13,64
2023-01-09,185618.8725300096,14661.186263568528,170957.68626644107,13,64
2023-01-10,186153.0906622495,14661.186263568528,171491.90439868098,13,64
2023-01-11,186391.74549188867,14661.186263568528,171730.55922832014,13,64
2023-01-12,185980.2507518141,14661.186263568528,171319.06448824558,13,64
2023-01-13,186310.76470348137,14661.186263568528,171649.57843991285,13,64
2023-01-16,186727.91720268986,14661.186263568528,172066.73093912133,13,64
2023-01-17,187700.2288029863,14661.186263568528,173039.04253941777,13,64
2023-01-18,188352.6941857926,14661.186263568528,173691.5079222241,13,64
2023-01-19,187501.03327470698,14661.186263568528,172839.84701113845,13,64
2023-01-20,186743.58879322326,14661.186263568528,172082.40252965473,13,64
2023-01-23,188738.3272062044,14661.186263568528,174077.1409426359,13,64
2023-01-24,189146.8684929998,14661.186263568528,174485.6822294313,13,64
2023-01-25,187728.40117456336,14661.186263568528,173067.21491099484,13,64
2023-01-27,188050.9224024294,14661.186263568528,173389.73613886087,13,64
2023-01-30,188270.8737310609,14661.186263568528,173609.6874674924,13,64
2023-01-31,188459.6904825946,14661.186263568528,173798.50421902607,13,64
2023-02-01,188770.98117804204,14661.186263568528,174109.79491447352,13,64
2023-02-02,189404.9929569181,14661.186263568528,174743.8066933496,13,64
2023-02-03,189371.3727237153,14661.186263568528,174710.18646014677,13,64
2023-02-06,189064.13710987294,14661.186263568528,174402.95084630442,13,64
2023-02-07,188363.37662648843,885.1057866683768,187478.27083982006,14,65
2023-02-08,191737.83564949877,885.1057866683768,190852.7298628304,14,65
2023-02-09,191930.42062654928,1675.5785336628614,190254.84209288642,14,66
2023-02-10,190745.03947997998,1675.5785336628614,189069.46094631712,14,66
2023-02-13,188524.13653112037,1675.5785336628614,186848.5579974575,14,66
2023-02-14,189513.74247361242,1675.5785336628614,187838.16393994956,14,66
2023-02-15,191877.3986654285,1675.5785336628614,190201.82013176565,14,66
2023-02-16,193951.81618070847,1675.5785336628614,192276.2376470456,14,66
2023-02-17,192355.45986575328,1675.5785336628614,190679.88133209042,14,66
2023-02-20,192931.81143098863,1675.5785336628614,191256.23289732577,14,66
2023-02-21,191574.70113795606,1675.5785336628614,189899.1226042932,14,66
2023-02-22,189170.849011761,1675.5785336628614,187495.27047809813,14,66
2023-02-23,189171.37886552303,1675.5785336628614,187495.80033186017,14,66
2023-02-24,189089.20899699922,1675.5785336628614,187413.63046333636,14,66
2023-02-27,186948.82163210312,1675.5785336628614,185273.24309844026,14,66
2023-02-28,186059.51177703816,1675.5785336628614,184383.9332433753,14,66
2023-03-01,188324.4185455386,1675.5785336628614,186648.84001187573,14,66
2023-03-02,188214.21644006378,1675.5785336628614,186538.63790640092,14,66
2023-03-03,190486.03763761837,1675.5785336628614,188810.4591039555,14,66
2023-03-06,191850.47696486276,1675.5785336628614,190174.8984311999,14,66
2023-03-08,191995.19906127956,1675.5785336628614,190319.6205276167,14,66
2023-03-09,190944.422932528,1675.5785336628614,189268.84439886513,14,66
2023-03-10,189754.97885758287,1675.5785336628614,188079.40032392,14,66
2023-03-13,188648.47247024864,1675.5785336628614,186972.89393658578,14,66
2023-03-14,186503.45942918598,3535.44458209151,182968.01484709448,14,67
2023-03-15,186955.56978552128,3535.44458209151,183420.12520342978,14,67
2023-03-16,187298.40873843755,3535.44458209151,183762.96415634605,14,67
2023-03-17,189314.86674665994,3535.44458209151,185779.42216456844,14,67
2023-03-20,188110.49058851093,3535.44458209151,184575.04600641943,14,67
2023-03-21,188187.01240427248,3535.44458209151,184651.56782218098,14,67
2023-03-22,188262.0281263169,3535.44458209151,184726.5835442254,14,67
2023-03-23,187424.30761583004,3535.44458209151,183888.86303373854,14,67
2023-03-24,186516.36286260386,3535.44458209151,182980.91828051236,14,67
2023-03-27,186376.12780879062,3535.44458209151,182840.68322669913,14,67
2023-03-28,185538.24153286061,3535.44458209151,182002.79695076912,14,67
2023-03-29,187770.9863361963,3535.44458209151,184235.5417541048,14,67
2023-03-31,189971.07119939465,3535.44458209151,186435.62661730315,14,67
2023-04-03,190457.9578066342,3535.44458209151,186922.5132245427,14,67
2023-04-05,191068.07833827005,3535.44458209151,187532.63375617855,14,67
2023-04-06,191309.07264405632,3535.44458209151,187773.62806196482,14,67
2023-04-10,192801.78464247964,3535.44458209151,189266.34006038815,14,67
2023-04-11,193854.36766428547,3535.44458209151,190318.92308219397,14,67
2023-04-12,197101.71679245264,3535.44458209151,193566.27221036114,14,67
2023-04-13,195542.0993364808,3535.44458209151,192006.6547543893,14,67
2023-04-17,192772.3743067551,3535.44458209151,189236.9297246636,14,67
2023-04-18,193627.7662321462,3535.44458209151,190092.3216500547,14,67
2023-04-19,193635.35022723736,3535.44458209151,190099.90564514586,14,67
2023-04-20,192602.54869172795,3535.44458209151,189067.10410963645,14,67
2023-04-21,192970.46254293108,3535.44458209151,189435.01796083958,14,67
2023-04-24,193739.6058017117,3535.44458209151,190204.1612196202,14,67
2023-04-25,194404.34397667696,3535.44458209151,190868.89939458546,14,67
2023-04-26,193850.42198754486,3535.44458209151,190314.97740545336,14,67
2023-04-27,196186.18999222104,3535.44458209151,192650.74541012954,14,67
2023-04-28,197244.76728548622,3535.44458209151,193709.32270339472,14,67
2023-05-02,198846.64327348853,3535.44458209151,195311.19869139703,14,67
2023-05-03,198111.10100691285,3535.44458209151,194575.65642482135,14,67
2023-05-04,199123.209854425,3535.44458209151,195587.7652723335,14,67
2023-05-05,197789.7609664316,3535.44458209151,194254.3163843401,14,67
2023-05-08,199794.52024988382,3535.44458209151,196259.07566779232,14,67
2023-05-09,200703.3682178075,3535.44458209151,197167.923635716,14,67
2023-05-10,200916.50851284122,3535.44458209151,197381.06393074972,14,67
2023-05-11,199314.5989619653,3535.44458209151,195779.1543798738,14,67
2023-05-12,198421.82838192896,3535.44458209151,194886.38379983747,14,67
2023-05-15,199160.87466482128,6401.740454276471,192759.1342105448,14,68
2023-05-16,198339.64800183778,6401.740454276471,191937.9075475613,14,68
2023-05-17,197416.43234052404,6401.740454276471,191014.69188624757,14,68
2023-05-18,196649.14839611133,7891.358379321173,188757.79001679015,14,69
2023-05-19,197737.48410774875,7891.358379321173,189846.12572842758,14,69
2023-05-22,200278.5820078823,7891.358379321173,192387.22362856113,14,69
2023-05-23,200241.09242848644,7891.358379321173,192349.73404916527,14,69
2023-05-24,200258.9574039804,7891.358379321173,192367.59902465923,14,69
2023-05-25,200698.1095057916,7891.358379321173,192806.75112647042,14,69
2023-05-26,202916.66057500336,7891.358379321173,195025.3021956822,14,69
2023-05-29,203967.48374817072,7891.358379321173,196076.12536884955,14,69
2023-05-30,203689.60600067757,7891.358379321173,195798.2476213564,14,69
2023-05-31,203795.02747955752,7891.358379321173,195903.66910023635,14,69
2023-06-01,203945.90205403263,7891.358379321173,196054.54367471146,14,69
2023-06-02,205377.5477436926,7891.358379321173,197486.1893643714,14,69
2023-06-05,205714.2956406478,7891.358379321173,197822.93726132662,14,69
2023-06-06,205441.54281002152,7891.358379321173,197550.18443070035,14,69
2023-06-07,206828.61444246772,7891.358379321173,198937.25606314655,14,69
2023-06-08,204666.60345518187,8901.529963878558,195765.0734913033,14,70
2023-06-09,203824.20548989758,8901.529963878558,194922.675526019,14,70
2023-06-12,205776.05653606236,8901.529963878558,196874.5265721838,14,70
2023-06-13,206058.51706158152,8901.529963878558,197156.98709770295,14,70
2023-06-14,205809.5719056773,8901.529963878558,196908.04194179873,14,70
2023-06-15,206253.28376124395,8901.529963878558,197351.75379736538,14,70
2023-06-16,207058.43366913463,8901.529963878558,198156.90370525606,14,70
2023-06-19,207305.25474584854,8901.529963878558,198403.72478196997,14,70
2023-06-20,209104.1070249302,8901.529963878558,200202.57706105165,14,70
2023-06-21,210934.44044599394,11659.757048647683,199274.68339734626,14,71
2023-06-22,210082.40770370484,11659.757048647683,198422.65065505716,14,71
2023-06-23,207887.60858339007,11659.757048647683,196227.8515347424,14,71
2023-06-26,208773.82114779227,11659.757048647683,197114.0640991446,14,71
2023-06-27,209982.36258976077,11659.757048647683,198322.6055411131,14,71
2023-06-28,210852.3954568943,11659.757048647683,199192.63840824662,14,71
2023-06-30,213696.0873545817,11659.757048647683,202036.330305934,14,71
2023-07-03,214243.0762205227,11659.757048647683,202583.31917187502,14,71
2023-07-04,215759.39988500177,11659.757048647683,204099.6428363541,14,71
2023-07-05,216479.8003026273,11659.757048647683,204820.04325397962,14,71
2023-07-06,216945.42669283933,12654.855945899566,204290.57074693977,14,72
2023-07-07,214491.50469840723,1795.3794283573297,212696.1252700499,15,73
2023-07-10,213497.8934778059,3512.886968801533,209985.00650900436,14,74
2023-07-11,214357.22957813143,3512.886968801533,210844.3426093299,14,74
2023-07-12,214270.48141642258,3512.886968801533,210757.59444762106,14,74
2023-07-13,213660.12926795552,3512.886968801533,210147.242299154,14,74
2023-07-14,217336.94563144882,3512.886968801533,213824.0586626473,14,74
2023-07-17,219451.6159373413,3512.886968801533,215938.72896853977,14,74
2023-07-18,219547.71251314622,3512.886968801533,216034.8255443447,14,74
2023-07-19,220095.29428504696,3512.886968801533,216582.40731624543,14,74
2023-07-20,221204.44637369007,3512.886968801533,217691.55940488854,14,74
2023-07-21,217466.1990089436,3512.886968801533,213953.31204014207,14,74
2023-07-24,217131.23647830784,3512.886968801533,213618.3495095063,14,74
2023-07-25,217173.76446834634,3512.886968801533,213660.87749954482,14,74
2023-07-26,218271.67417731948,3512.886968801533,214758.78720851796,14,74
2023-07-27,216551.07383060938,3512.886968801533,213038.18686180786,14,74
2023-07-28,216378.73533952853,3512.886968801533,212865.848370727,14,74
2023-07-31,218598.8894533269,3512.886968801533,215086.00248452538,14,74
2023-08-01,219982.91315148177,4717.972163469141,215264.94098801262,14,75
2023-08-02,217462.367079921,5610.208145102646,211852.15893481835,14,76
2023-08-03,216144.09822338505,5610.208145102646,210533.89007828242,14,76
2023-08-04,217533.30596416123,5610.208145102646,211923.0978190586,14,76
2023-08-07,217975.6046491689,5610.208145102646,212365.39650406627,14,76
2023-08-08,217964.63183935295,5610.208145102646,212354.42369425032,14,76
2023-08-09,220523.40107068903,5610.208145102646,214913.19292558637,14,76
2023-08-10,219836.06318162242,5610.208145102646,214225.85503651976,14,76
2023-08-11,218224.9632921511,5610.208145102646,212614.75514704848,14,76
2023-08-14,217565.9137603462,5610.208145102646,211955.70561524355,14,76
2023-08-16,217776.90085115895,5610.208145102646,212166.6927060563,14,76
2023-08-17,217479.29795017,5610.208145102646,211869.08980506734,14,76
2023-08-18,215746.19451186038,5610.208145102646,210135.98636675772,14,76
2023-08-21,217324.2802228366,5610.208145102646,211714.07207773396,14,76
2023-08-22,217117.42466103047,5610.208145102646,211507.2165159278,14,76
2023-08-23,217471.63402564445,5610.208145102646,211861.42588054182,14,76
2023-08-24,217166.5916586048,5610.208145102646,211556.38351350214,14,76
2023-08-25,215912.51446793546,7219.634786861519,208692.87968107394,14,77
2023-08-28,216060.73976726772,7219.634786861519,208841.1049804062,14,77
2023-08-29,217229.03792529224,7219.634786861519,210009.40313843073,14,77
2023-08-30,217782.46489842856,7219.634786861519,210562.83011156705,14,77
2023-08-31,216286.21058361963,7219.634786861519,209066.57579675812,14,77
2023-09-01,220006.44565873497,7219.634786861519,212786.81087187346,14,77
2023-09-04,223703.99258674218,7219.634786861519,216484.35779988067,14,77
2023-09-05,224509.57193481034,7219.634786861519,217289.93714794883,14,77
2023-09-06,224955.01263077764,7219.634786861519,217735.37784391613,14,77
2023-09-07,226641.93894224273,7219.634786861519,219422.30415538122,14,77
2023-09-08,227227.381749896,7219.634786861519,220007.7469630345,14,77
2023-09-11,229028.1039770964,7219.634786861519,221808.4691902349,14,77
2023-09-12,227147.99882537805,7219.634786861519,219928.36403851653,14,77
2023-09-13,228723.50094005067,7219.634786861519,221503.86615318916,14,77
2023-09-14,230136.44119860983,7219.634786861519,222916.80641174832,14,77
2023-09-15,230669.91793652446,7219.634786861519,223450.28314966295,14,77
2023-09-18,230348.14545490572,7219.634786861519,223128.5106680442,14,77
2023-09-20,228283.98627588383,7219.634786861519,221064.35148902232,14,77
2023-09-21,227657.8486457534,7219.634786861519,220438.2138588919,14,77
2023-09-22,227017.10677995038,7219.634786861519,219797.47199308887,14,77
2023-09-25,227420.789448214,7219.634786861519,220201.15466135248,14,77
2023-09-26,227099.65642296657,7219.634786861519,219880.02163610506,14,77
2023-09-27,227686.92496111954,8220.534876870523,219466.39008424903,14,78
2023-09-28,223853.9780750327,8220.534876870523,215633.4431981622,14,78
2023-09-29,225510.28334675753,8220.534876870523,217289.748469887,14,78
2023-10-03,223618.94785465187,8220.534876870523,215398.41297778135,14,78
2023-10-04,222973.33263479208,8220.534876870523,214752.79775792157,14,78
2023-10-05,223818.33167694954,8220.534876870523,215597.79680007903,14,78
2023-10-06,225612.6797619056,12427.723037547057,213184.95672435855,14,79
2023-10-09,224379.1424814394,12427.723037547057,211951.41944389234,14,79
2023-10-10,226430.6408491525,12427.723037547057,214002.91781160544,14,79
2023-10-11,228245.17981784683,12427.723037547057,215817.45678029978,14,79
2023-10-12,227159.0390273891,12427.723037547057,214731.31598984206,14,79
2023-10-13,226614.00837582737,12427.723037547057,214186.28533828032,14,79
2023-10-16,227000.15625473324,12427.723037547057,214572.4332171862,14,79
2023-10-17,228204.2381557119,12427.723037547057,215776.51511816485,14,79
2023-10-18,227208.72541652946,13421.82912792034,213786.89628860913,14,80
2023-10-19,225962.26461106318,13421.82912792034,212540.43548314285,14,80
2023-10-20,224498.15746305668,14626.130536895576,209872.0269261611,14,81
2023-10-23,220849.45601634984,14626.130536895576,206223.32547945427,14,81
2023-10-25,219195.26593380707,14626.130536895576,204569.1353969115,14,81
2023-10-26,216068.88586948835,14626.130536895576,201442.7553325928,14,81
2023-10-27,217464.08481895406,14626.130536895576,202837.9542820585,14,81
2023-10-30,217862.76194554302,14626.130536895576,203236.63140864746,14,81
2023-10-31,218362.03022824484,14626.130536895576,203735.89969134927,14,81
2023-11-01,217143.79034087394,14626.130536895576,202517.65980397837,14,81
2023-11-02,219081.61665960037,14626.130536895576,204455.4861227048,14,81
2023-11-03,220087.14114676302,14626.130536895576,205461.01060986746,14,81
2023-11-06,222359.37891233974,14626.130536895576,207733.24837544418,14,81
2023-11-07,222758.33129568497,14626.130536895576,208132.2007587894,14,81
2023-11-08,223833.09703781706,14626.130536895576,209206.9665009215,14,81
2023-11-09,222845.672934489,14626.130536895576,208219.54239759344,14,81
2023-11-10,222780.85969856454,14626.130536895576,208154.72916166898,14,81
2023-11-12,223903.84046016796,14626.130536895576,209277.7099232724,14,81
2023-11-13,223661.03759026667,14626.130536895576,209034.9070533711,14,81
2023-11-15,227133.80640149384,14626.130536895576,212507.67586459828,14,81
2023-11-16,228761.25162725392,14626.130536895576,214135.12109035836,14,81
2023-11-17,228573.8935014297,14626.130536895576,213947.76296453414,14,81
2023-11-20,229131.42182481205,14626.130536895576,214505.29128791648,14,81
2023-11-21,229975.24802848077,14626.130536895576,215349.1174915852,14,81
2023-11-22,230429.6354897301,14626.130536895576,215803.50495283454,14,81
2023-11-23,229614.40442968468,14724.797776792395,214889.60665289228,14,82
2023-11-24,229528.95254351504,14724.797776792395,214804.15476672264,14,82
2023-11-28,230740.89302100372,14724.797776792395,216016.09524421132,14,82
2023-11-29,233136.92401137616,14724.797776792395,218412.12623458376,14,82
2023-11-30,234369.07113760448,14724.797776792395,219644.27336081208,14,82
2023-12-01,234856.43330188002,14724.797776792395,220131.63552508762,14,82
2023-12-04,237409.2627617508,14724.797776792395,222684.4649849584,14,82
2023-12-05,237632.69934023093,14724.797776792395,222907.90156343853,14,82
2023-12-06,239232.29245241193,14724.797776792395,224507.49467561953,14,82
2023-12-07,239110.24257601876,14724.797776792395,224385.44479922636,14,82
2023-12-08,240137.6418834521,14724.797776792395,225412.8441066597,14,82
2023-12-11,240366.8874099743,675.7547145914359,239691.13269538287,15,83
2023-12-12,240028.36776994553,675.7547145914359,239352.6130553541,15,83
2023-12-13,240170.1632744286,1697.9572885181478,238472.20598591046,15,84
2023-12-14,243105.4630914601,1697.9572885181478,241407.50580294195,15,84
2023-12-15,247370.62042736408,1697.9572885181478,245672.66313884594,15,84
2023-12-18,247349.56848061143,1697.9572885181478,245651.6111920933,15,84
2023-12-19,247006.26926244958,1697.9572885181478,245308.31197393144,15,84
2023-12-20,242944.0644709877,3038.5768319443923,239905.4876390433,15,85
2023-12-21,243471.9520492042,4984.554984873885,238487.39706433032,15,86
2023-12-22,247749.73117595384,4984.554984873885,242765.17619107995,15,86
2023-12-26,250087.52604072978,4984.554984873885,245102.9710558559,15,86
2023-12-27,252051.54226344885,4984.554984873885,247066.98727857496,15,86
2023-12-28,253977.446368802,4984.554984873885,248992.8913839281,15,86
2023-12-29,253471.99536128237,4984.554984873885,248487.4403764085,15,86
2024-01-01,254246.81922468965,4984.554984873885,249262.26423981576,15,86
2024-01-02,253907.98986568264,4984.554984873885,248923.43488080875,15,86
2024-01-03,250864.3074992324,7937.632684167525,242926.67481506488,15,87
2024-01-04,251095.26529939647,8948.183520012964,242147.0817793835,15,88
2024-01-05,251298.65896780932,10203.330543216958,241095.32842459236,15,89
2024-01-08,248045.57341276648,11806.38881066765,236239.18460209883,15,90
2024-01-09,248744.64564678865,12756.236756114831,235988.4088906738,14,91
2024-01-10,249626.81895545588,12756.236756114831,236870.58219934104,14,91
2024-01-11,248807.80930055174,12756.236756114831,236051.5725444369,14,91
2024-01-12,252273.98571599953,12756.236756114831,239517.7489598847,14,91
2024-01-15,255044.84610686466,12756.236756114831,242288.60935074982,14,91
2024-01-16,253170.698568848,12756.236756114831,240414.46181273315,14,91
2024-01-17,251023.43457376317,14336.7689390901,236686.66563467306,14,92
2024-01-18,248187.73716524913,14336.7689390901,233850.96822615902,14,92
2024-01-19,250686.54843856764,14336.7689390901,236349.77949947753,14,92
2024-01-20,249181.32339673,14336.7689390901,234844.5544576399,14,92
2024-01-23,243985.49619024343,14336.7689390901,229648.72725115332,14,92
2024-01-24,247696.87317314427,14336.7689390901,233360.10423405416,14,92
2024-01-25,244477.4746892301,14884.810806666246,229592.66388256385,14,93
2024-01-29,246124.76861575968,14884.810806666246,231239.95780909344,14,93
2024-01-30,245076.07226438014,14884.810806666246,230191.2614577139,14,93
2024-01-31,247562.28070075627,14884.810806666246,232677.46989409003,14,93
2024-02-01,247623.95391649724,14884.810806666246,232739.143109831,14,93
2024-02-02,248832.15714290945,14884.810806666246,233947.3463362432,14,93
2024-02-05,244881.9132483922,14884.810806666246,229997.10244172596,14,93
2024-02-06,249016.25615659347,14884.810806666246,234131.44534992723,14,93
2024-02-07,248976.98744111808,14884.810806666246,234092.17663445184,14,93
2024-02-08,245027.76995354172,14884.810806666246,230142.95914687548,14,93
2024-02-09,244089.80773592758,858.9424133135617,243230.865322614,15,94
2024-02-12,243927.2753149352,858.9424133135617,243068.33290162164,15,94
2024-02-13,246752.09116848977,858.9424133135617,245893.14875517623,15,94
2024-02-14,247389.74715352402,858.9424133135617,246530.80474021047,15,94
2024-02-15,248979.12587903498,858.9424133135617,248120.18346572143,15,94
2024-02-16,253378.83724390547,858.9424133135617,252519.8948305919,15,94
2024-02-19,252817.81613413943,858.9424133135617,251958.87372082585,15,94
2024-02-20,253366.5466529787,858.9424133135617,252507.60423966512,15,94
2024-02-21,251394.50897210476,858.9424133135617,250535.56655879118,15,94
2024-02-22,253693.348549505,858.9424133135617,252834.40613619145,15,94
2024-02-23,253983.14913281234,858.9424133135617,253124.20671949876,15,94
2024-02-26,253125.09969534265,858.9424133135617,252266.1572820291,15,94
2024-02-27,253598.5024160411,858.9424133135617,252739.56000272752,15,94
2024-02-28,249537.46666288024,1975.6277857346977,247561.83887714555,15,95
2024-02-29,249229.43274855835,4080.2686590845406,245149.1640894738,16,96
2024-03-01,252511.16825845317,4080.2686590845406,248430.89959936863,16,96
2024-03-02,253477.97555254714,4080.2686590845406,249397.7068934626,16,96
2024-03-04,251683.6533522082,5300.571419547585,246383.08193266063,15,97
2024-03-05,251179.1841489511,5300.571419547585,245878.61272940354,15,97
2024-03-06,252496.0574635844,5300.571419547585,247195.48604403684,15,97
2024-03-07,254067.30494951556,7912.33394159071,246154.97100792485,15,98
2024-03-11,252944.54098039068,7912.33394159071,245032.20703879997,15,98
2024-03-12,252473.51871060234,7912.33394159071,244561.18476901163,15,98
2024-03-13,248101.58569462947,8877.8781505814,239223.70754404805,15,99
2024-03-14,251496.43407674396,8877.8781505814,242618.55592616255,15,99
2024-03-15,252156.07590002005,8877.8781505814,243278.19774943864,15,99
2024-03-18,251177.69246744865,8877.8781505814,242299.81431686724,15,99
2024-03-19,249132.3524677578,8877.8781505814,240254.47431717638,15,99
2024-03-20,248973.0784877877,8877.8781505814,240095.20033720628,15,99
2024-03-21,250652.59343289793,8877.8781505814,241774.71528231652,15,99
2024-03-22,252793.9317071481,8877.8781505814,243916.05355656668,15,99
2024-03-26,251593.6085826099,8877.8781505814,242715.73043202847,15,99
2024-03-27,250812.85971985618,8877.8781505814,241934.98156927477,15,99
2024-03-28,253149.8713385752,8877.8781505814,244271.9931879938,15,99
2024-04-01,256213.36734214492,8877.8781505814,247335.4891915635,15,99
2024-04-02,257232.3267802813,8877.8781505814,248354.44862969988,15,99
2024-04-03,256794.40431534123,8877.8781505814,247916.52616475982,15,99
2024-04-04,259258.2856146335,8877.8781505814,250380.40746405208,15,99
2024-04-05,259755.78406602272,8877.8781505814,250877.9059154413,15,99
2024-04-08,260333.49946672353,10602.899852867376,249730.59961385615,15,100
2024-04-09,261068.81937505153,10602.899852867376,250465.91952218415,15,100
2024-04-10,263511.8586789749,10602.899852867376,252908.95882610753,15,100
2024-04-12,261343.6141498139,10602.899852867376,250740.7142969465,15,100
2024-04-15,258214.7034653367,11582.10473706825,246632.59872826844,15,101
2024-04-16,256692.61066338356,11582.10473706825,245110.50592631532,15,101
2024-04-18,254775.62530070945,11582.10473706825,243193.5205636412,15,101
2024-04-19,256845.71504579054,11582.10473706825,245263.6103087223,15,101
2024-04-22,258822.46793082653,11582.10473706825,247240.3631937583,15,101
2024-04-23,259255.98872029228,11582.10473706825,247673.88398322402,15,101
2024-04-24,261487.04129419592,11582.10473706825,249904.93655712766,15,101
2024-04-25,261857.23809068062,11582.10473706825,250275.1333536124,15,101
2024-04-26,261409.8004017464,12628.342981582355,248781.45742016405,15,102
2024-04-29,260800.07835096348,12628.342981582355,248171.73536938112,15,102
2024-04-30,260524.7944639658,12628.342981582355,247896.45148238345,15,102
2024-05-02,259806.84006494132,12628.342981582355,247178.49708335896,15,102
2024-05-03,258803.0592521344,12628.342981582355,246174.71627055205,15,102
2024-05-06,258520.71593865796,12628.342981582355,245892.3729570756,15,102
2024-05-07,257632.82265734725,1072.0384613603092,256560.78419598695,16,103
2024-05-08,256367.4234467637,1072.0384613603092,255295.3849854034,16,103
2024-05-09,252276.37396960816,3697.5014719581086,248578.87249765004,16,104
2024-05-10,255767.36000053165,3697.5014719581086,252069.85852857353,16,104
2024-05-13,260102.72733891947,3697.5014719581086,256405.22586696138,16,104
2024-05-14,258350.29043900553,3697.5014719581086,254652.78896704744,16,104
2024-05-15,258678.19456734444,3697.5014719581086,254980.69309538632,16,104
2024-05-16,261198.8534125224,3697.5014719581086,257501.35194056432,16,104
2024-05-17,261096.16315149603,3697.5014719581086,257398.6616795379,16,104
2024-05-18,261430.46502160188,3697.5014719581086,257732.96354964375,16,104
2024-05-21,261565.84159143595,3697.5014719581086,257868.34011947786,16,104
2024-05-22,263123.06951901555,3697.5014719581086,259425.56804705743,16,104
2024-05-23,265456.0388472585,3697.5014719581086,261758.53737530037,16,104
2024-05-24,265274.49773664225,3697.5014719581086,261576.99626468413,16,104
2024-05-27,266187.944172594,3697.5014719581086,262490.4427006359,16,104
2024-05-28,266111.0920704998,3697.5014719581086,262413.59059854166,16,104
2024-05-29,264609.83774287964,3697.5014719581086,260912.33627092154,16,104
2024-05-30,260346.39955964737,4622.649872131842,255723.74968751552,16,105
2024-05-31,260527.0749419767,4622.649872131842,255904.42506984484,16,105
2024-06-03,265037.476081271,4622.649872131842,260414.8262091392,16,105
2024-06-04,256309.05589071318,5207.683989581354,251101.37190113182,16,106
2024-06-05,266156.18790155475,5207.683989581354,260948.5039119734,16,106
2024-06-06,269046.1478021561,5207.683989581354,263838.46381257474,16,106
2024-06-07,274582.696217532,6737.518945146312,267845.1772723857,16,107
2024-06-10,274374.5206541395,6737.518945146312,267637.0017089932,16,107
2024-06-11,274709.3412575454,6737.518945146312,267971.8223123991,16,107
2024-06-12,274815.12031824706,6737.518945146312,268077.60137310077,16,107
2024-06-13,277109.41027527174,6737.518945146312,270371.89133012545,16,107
2024-06-14,277146.63113945076,6737.518945146312,270409.1121943045,16,107
2024-06-18,278696.6860650475,6737.518945146312,271959.1671199012,16,107
2024-06-19,277575.9671859696,7615.48831137579,269960.4788745938,16,108
2024-06-20,278931.30338130926,7615.48831137579,271315.8150699335,16,108
2024-06-21,277762.45537630725,8518.162902757664,269244.2924735496,16,109
2024-06-24,278268.7202043887,8518.162902757664,269750.5573016311,16,109
2024-06-25,278849.3581736108,8518.162902757664,270331.1952708532,16,109
2024-06-26,278763.4098615055,8518.162902757664,270245.24695874786,16,109
2024-06-27,281142.3291332163,8518.162902757664,272624.16623045865,16,109
2024-06-28,281422.1714246408,8518.162902757664,272904.00852188317,16,109
2024-07-01,283413.0951909679,8518.162902757664,274894.93228821026,16,109
2024-07-02,283004.06733163266,9449.219778129707,273554.84755350294,16,110
2024-07-03,285279.6006469798,9449.219778129707,275830.3808688501,16,110
2024-07-04,285048.4426097357,9449.219778129707,275599.222831606,16,110
2024-07-05,285736.8138751008,10528.24416837361,275208.5697067272,16,111
2024-07-08,285492.67716995697,10528.24416837361,274964.4330015834,16,111
2024-07-09,286909.7391133134,10528.24416837361,276381.49494493974,16,111
2024-07-10,286662.25643717486,10528.24416837361,276134.0122688012,16,111
2024-07-11,287422.29425068793,10528.24416837361,276894.0500823143,16,111
2024-07-12,289855.9562763338,10528.24416837361,279327.7121079602,16,111
2024-07-15,290394.4028467868,10528.24416837361,279866.1586784132,16,111
2024-07-16,291079.5253400344,10528.24416837361,280551.2811716608,16,111
2024-07-18,293767.29094029963,10528.24416837361,283239.04677192605,16,111
2024-07-19,290490.8572572061,10528.24416837361,279962.6130888325,16,111
2024-07-22,288632.86479159596,11337.787823301722,277295.0769682942,16,112
2024-07-23,290031.0496156018,11337.787823301722,278693.26179230004,16,112
2024-07-24,289997.79030619154,11337.787823301722,278660.0024828898,16,112
2024-07-25,289509.12457320036,11337.787823301722,278171.3367498986,16,112
2024-07-26,296129.12232050067,11337.787823301722,284791.3344971989,16,112
2024-07-29,296977.2976036994,11337.787823301722,285639.50978039764,16,112
2024-07-30,298693.6355745658,12462.645531048409,286230.9900435174,16,113
2024-07-31,300951.9574096525,12462.645531048409,288489.31187860406,16,113
2024-08-01,299900.2906831889,12462.645531048409,287437.64515214047,16,113
2024-08-02,294655.7777175947,599.6904989284922,294056.0872186662,17,114
2024-08-05,288081.73586196516,3144.8168527191083,284936.91900924605,17,115
2024-08-06,287427.7798795436,4885.397046116908,282542.38283342664,17,116
2024-08-07,291182.946263434,6511.18194512399,284671.76431831,17,117
2024-08-08,287945.3836091688,7593.602949450724,280351.7806597181,16,118
2024-08-09,290831.16864611907,7571.670437871828,283259.49820824724,15,119
2024-08-12,291878.5709173529,7571.670437871828,284306.9004794811,15,119
2024-08-13,289118.3793179581,8524.162286963583,280594.2170309945,14,120
2024-08-14,287740.22660656285,8524.162286963583,279216.06431959925,14,120
2024-08-16,293224.9607463341,8524.162286963583,284700.7984593705,14,120
2024-08-19,295637.958696274,8524.162286963583,287113.7964093104,14,120
2024-08-20,298660.6006721503,8524.162286963583,290136.4383851867,14,120
2024-08-21,300043.7159663656,8524.162286963583,291519.553679402,14,120
2024-08-22,302028.6543608185,8524.162286963583,293504.4920738549,14,120
2024-08-23,300519.6039825198,9569.106678663029,290950.49730385677,14,121
2024-08-26,303144.04082014755,9569.106678663029,293574.9341414845,14,121
2024-08-27,302945.2482039361,9569.106678663029,293376.14152527304,14,121
2024-08-28,305409.653706018,10753.516423719382,294656.13728229865,14,122
2024-08-29,305164.1157302897,10753.516423719382,294410.59930657037,14,122
2024-08-30,307615.8829055461,10753.516423719382,296862.3664818267,14,122
2024-09-02,307560.4001291664,11583.313507277751,295977.0866218886,14,123
2024-09-03,307139.95186479203,11583.313507277751,295556.6383575143,14,123
2024-09-04,305620.1504980251,11583.313507277751,294036.83699074737,14,123
2024-09-05,306374.4527954342,11583.313507277751,294791.13928815647,14,123
2024-09-06,303087.43330784136,11583.313507277751,291504.1198005636,14,123
2024-09-09,302349.7222800305,11583.313507277751,290766.40877275274,14,123
2024-09-10,305542.41118148644,11583.313507277751,293959.0976742087,14,123
2024-09-11,302285.6065564709,11583.313507277751,290702.29304919316,14,123
2024-09-12,307965.81581997144,11583.313507277751,296382.5023126937,14,123
2024-09-13,309090.0401718919,11583.313507277751,297506.72666461417,14,123
2024-09-16,310007.40684954467,11583.313507277751,298424.0933422669,14,123
2024-09-17,309476.646005875,11583.313507277751,297893.3324985973,14,123
2024-09-18,307916.86985483946,30411.479383210673,277505.3904716288,15,124
2024-09-19,307269.59896120377,16343.379024787733,290926.219936416,16,125
2024-09-20,309563.52723700355,1343.3790247877332,308220.1482122158,17,125
2024-09-23,311081.7425725507,20294.404491243244,290787.3380813075,16,126
2024-09-24,312445.82200178516,20294.404491243244,292151.4175105419,16,126
2024-09-25,313375.8931690947,5294.404491243244,308081.48867785145,17,126
2024-09-26,316430.43075022224,5294.404491243244,311136.026258979,17,126
2024-09-27,317603.2105473994,6130.345483643781,311472.86506375566,17,127
2024-09-30,315975.92570122867,6927.78138107968,309048.144320149,17,128
2024-10-01,315048.7828708122,6927.78138107968,308121.00148973253,17,128
2024-10-03,309579.67519679666,8055.844256715369,301523.8309400813,17,129
2024-10-04,308285.11994165945,8413.620270114974,299871.4996715445,17,130
2024-10-07,304630.35646334966,10351.25963405233,294279.0968292973,18,131
2024-10-08,307885.28993899666,10351.25963405233,297534.0303049443,18,131
2024-10-09,307448.67107120785,10351.25963405233,297097.4114371555,18,131
2024-10-10,307147.3059988503,10351.25963405233,296796.046364798,18,131
2024-10-11,307600.71858698287,10351.25963405233,297249.4589529305,18,131
2024-10-14,309027.24031399866,10351.25963405233,298675.9806799463,18,131
2024-10-15,307541.279461267,10351.25963405233,297190.01982721465,18,131
2024-10-16,306688.88276489975,10351.25963405233,296337.6231308474,18,131
2024-10-17,304953.0884570321,10351.25963405233,294601.82882297976,18,131
2024-10-18,305818.43268310063,10351.25963405233,295467.1730490483,18,131
2024-10-21,301800.6418899674,10351.25963405233,291449.382255915,18,131
2024-10-22,296537.7833230802,10351.25963405233,286186.5236890279,18,131
2024-10-23,296416.53736644494,10351.25963405233,286065.2777323926,18,131
2024-10-24,296552.6976790471,10351.25963405233,286201.4380449948,18,131
2024-10-25,287749.9124488947,10351.25963405233,277398.65281484235,18,131
2024-10-28,288251.81895127345,10351.25963405233,277900.5593172211,18,131
2024-10-29,288527.36902518175,10351.25963405233,278176.1093911294,18,131
2024-10-30,288606.53730860236,10351.25963405233,278255.27767455,18,131
2024-10-31,288114.6684995442,10351.25963405233,277763.40886549186,18,131
2024-11-01,289587.2226832546,10351.25963405233,279235.9630492022,18,131
2024-11-04,285858.0277998152,10351.25963405233,275506.7681657628,18,131
2024-11-05,287701.36155049375,10351.25963405233,277350.1019164414,18,131
2024-11-06,291150.29496643395,10351.25963405233,280799.0353323816,18,131
2024-11-07,287471.29316291545,10351.25963405233,277120.0335288631,18,131
2024-11-08,286041.05847126426,10351.25963405233,275689.7988372119,18,131
2024-11-11,284405.4510684896,10351.25963405233,274054.19143443723,18,131
2024-11-12,281766.8242731937,10351.25963405233,271415.5646391414,18,131
2024-11-13,277564.6158724026,10351.25963405233,267213.3562383503,18,131
2024-11-14,276837.38438655087,10351.25963405233,266486.1247524985,18,131
2024-11-18,275821.8523360721,10351.25963405233,265470.5927020197,18,131
2024-11-19,275933.47268637124,10351.25963405233,265582.2130523189,18,131
2024-11-21,272094.4985319006,10351.25963405233,261743.23889784823,18,131
2024-11-22,278237.4281931515,10351.25963405233,267886.16855909914,18,131
2024-11-25,282295.27078685,10351.25963405233,271944.01115279767,18,131
2024-11-26,281590.3330636453,10351.25963405233,271239.07342959294,18,131
2024-11-27,282283.70439631003,10351.25963405233,271932.4447622577,18,131
2024-11-28,278732.6075808441,11321.587426502228,267411.0201543418,18,132
2024-11-29,281001.4075901732,11321.587426502228,269679.820163671,18,132
2024-12-02,282045.7674852805,11321.587426502228,270724.18005877826,18,132
2024-12-03,284827.87911307265,11321.587426502228,273506.29168657045,18,132
2024-12-04,284351.49586947635,11321.587426502228,273029.9084429741,18,132
2024-12-05,286002.2918273215,11321.587426502228,274680.7044008193,18,132
2024-12-06,286400.1726598473,11321.587426502228,275078.58523334505,18,132
2024-12-09,285024.0544486949,11321.587426502228,273702.46702219266,18,132
2024-12-10,284477.3224807943,11321.587426502228,273155.735054292,18,132
2024-12-11,284543.09618206916,11321.587426502228,273221.5087555669,18,132
2024-12-12,282924.8809075819,12374.61488043228,270550.2660271496,18,133
2024-12-13,284247.1574421987,12374.61488043228,271872.54256176646,18,133
2024-12-16,283783.38634971477,12374.61488043228,271408.7714692825,18,133
2024-12-17,279282.6402027724,13529.636096839633,265753.0041059328,18,134
2024-12-18,277294.6682908105,13529.636096839633,263765.03219397087,18,134
2024-12-19,274889.8273486324,13819.801683356745,261070.02566527564,18,135
2024-12-20,270393.4555481166,13819.801683356745,256573.65386475984,18,135
2024-12-23,271761.97955489485,13819.801683356745,257942.17787153812,18,135
2024-12-24,271426.9613065421,13819.801683356745,257607.15962318538,18,135
2024-12-26,272090.8453442097,13819.801683356745,258271.04366085294,18,135
2024-12-27,272515.7627117975,13819.801683356745,258695.96102844074,18,135
2024-12-30,270687.3304451513,13819.801683356745,256867.5287617946,18,135
2024-12-31,271920.6849990527,13819.801683356745,258100.883315696,18,135
2025-01-01,272347.75497772166,13819.801683356745,258527.9532943649,18,135
2025-01-02,277309.1093139009,13819.801683356745,263489.3076305441,18,135
2025-01-03,279138.22450688423,13819.801683356745,265318.4228235275,18,135
2025-01-06,273950.8911883082,13819.801683356745,260131.08950495144,18,135
2025-01-07,277230.5921931721,13819.801683356745,263410.7905098153,18,135
2025-01-08,278169.0986074373,13819.801683356745,264349.2969240805,18,135
2025-01-09,276259.97637620673,13819.801683356745,262440.17469285,18,135
2025-01-10,273987.95140307344,13819.801683356745,260168.1497197167,18,135
2025-01-13,269900.2779093581,13819.801683356745,256080.47622600137,18,135
2025-01-14,273054.96218927676,13819.801683356745,259235.16050592,18,135
2025-01-15,273310.4503019554,13819.801683356745,259490.64861859867,18,135
2025-01-16,275981.6257016334,13819.801683356745,262161.82401827665,18,135
2025-01-17,277026.0141152075,13819.801683356745,263206.2124318507,18,135
2025-01-20,278231.20707247354,13819.801683356745,264411.4053891168,18,135
2025-01-21,274090.7092960545,13819.801683356745,260270.90761269775,18,135
2025-01-22,274165.95595784136,13819.801683356745,260346.15427448464,18,135
2025-01-23,275171.8925454915,13819.801683356745,261352.09086213476,18,135
2025-01-24,272439.6821656406,13819.801683356745,258619.88048228383,18,135
2025-01-27,268376.8313383118,13819.801683356745,254557.02965495503,18,135
2025-01-28,268056.20469897584,13819.801683356745,254236.4030156191,18,135
2025-01-29,271564.6404660339,13819.801683356745,257744.83878267714,18,135
2025-01-30,273032.0197557132,13819.801683356745,259212.21807235642,18,135
2025-01-31,278524.33296363713,13819.801683356745,264704.5312802804,18,135
2025-02-01,277184.11275316635,13819.801683356745,263364.3110698096,18,135
2025-02-03,275132.83885958703,13819.801683356745,261313.0371762303,18,135
2025-02-04,279630.66004265886,13819.801683356745,265810.8583593021,18,135
2025-02-05,280718.6983191435,13819.801683356745,266898.89663578675,18,135
2025-02-06,280241.5099751428,13819.801683356745,266421.708291786,18,135
2025-02-07,279695.45230035257,13819.801683356745,265875.6506169958,18,135
2025-02-10,277241.30509882496,13819.801683356745,263421.5034154682,18,135
2025-02-11,272802.2431572551,1492.2237919706167,271310.0193652845,19,136
2025-02-12,272836.96513363405,1492.2237919706167,271344.7413416634,19,136
2025-02-13,272966.30997359584,1492.2237919706167,271474.0861816252,19,136
2025-02-14,269385.4296977571,1492.2237919706167,267893.2059057865,19,136
2025-02-17,271433.39181555546,1492.2237919706167,269941.1680235848,19,136
2025-02-18,271779.66408473224,1492.2237919706167,270287.4402927616,19,136
2025-02-19,272160.7484012866,1492.2237919706167,270668.52460931597,19,136
2025-02-20,273683.1480154516,1492.2237919706167,272190.924223481,19,136
2025-02-21,272105.96695589944,1492.2237919706167,270613.7431639288,19,136
2025-02-24,269595.5261439943,1492.2237919706167,268103.30235202366,19,136
2025-02-25,268176.0488037328,1492.2237919706167,266683.82501176215,19,136
2025-02-27,267214.39124707086,1492.2237919706167,265722.1674551002,19,136
2025-02-28,261447.06783223184,1492.2237919706167,259954.84404026123,19,136
2025-03-03,261189.0292139707,1492.2237919706167,259696.8054220001,19,136
2025-03-04,261008.53509880943,1492.2237919706167,259516.31130683882,19,136
2025-03-05,264510.6737642664,1492.2237919706167,263018.4499722958,19,136
2025-03-06,267807.05614837335,1492.2237919706167,266314.8323564027,19,136
2025-03-07,267307.2577683613,1492.2237919706167,265815.03397639067,19,136
2025-03-10,264963.22848065046,1492.2237919706167,263471.0046886798,19,136
2025-03-11,260481.74995849733,1492.2237919706167,258989.52616652672,19,136
2025-03-12,260332.59495651448,1492.2237919706167,258840.37116454387,19,136
2025-03-13,258832.53331485667,1492.2237919706167,257340.30952288606,19,136
2025-03-17,261307.01890148368,1492.2237919706167,259814.79510951307,19,136
2025-03-18,264892.42012222204,1492.2237919706167,263400.1963302514,19,136
2025-03-19,267585.881040499,1492.2237919706167,266093.6572485284,19,136
2025-03-20,269805.13219661417,1492.2237919706167,268312.90840464353,19,136
2025-03-21,273575.61181269767,1492.2237919706167,272083.388020727,19,136
2025-03-24,277265.5936620337,1492.2237919706167,275773.36987006303,19,136
2025-03-25,275806.23767868406,1492.2237919706167,274314.0138867134,19,136
2025-03-26,273768.21184455464,2494.139042150171,271274.07280240447,19,137
2025-03-27,275361.2395676527,2494.139042150171,272867.1005255025,19,137
2025-03-28,275307.94274771085,2494.139042150171,272813.8037055607,19,137
2025-04-01,274651.9851220957,2494.139042150171,272157.8460799455,19,137
2025-04-02,276998.2491556381,2494.139042150171,274504.1101134879,19,137
2025-04-03,276138.14675440657,2494.139042150171,273644.0077122564,19,137
2025-04-04,269467.29655639594,3376.121402502962,266091.17515389295,19,138
2025-04-07,262259.56342159986,4979.67848798776,257279.88493361208,19,139
2025-04-08,266519.2643930279,6436.67720675778,260082.5871862701,19,140
2025-04-09,264315.0250856937,6436.67720675778,257878.3478789359,19,140
2025-04-11,269849.7440745216,6436.67720675778,263413.0668677638,19,140
2025-04-15,275936.45985503256,6436.67720675778,269499.7826482748,19,140
2025-04-16,278923.7868914994,6436.67720675778,272487.10968474165,19,140
2025-04-17,281495.9141544295,6436.67720675778,275059.23694767174,19,140
2025-04-21,285766.51562147954,6436.67720675778,279329.8384147218,19,140
2025-04-22,283508.23641161463,6436.67720675778,277071.55920485687,19,140
2025-04-23,287306.3146556088,6436.67720675778,280869.637448851,19,140
2025-04-24,288417.01452574314,6436.67720675778,281980.3373189854,19,140
2025-04-25,285309.0556381103,7945.973034913572,277363.08260319673,19,141
2025-04-28,288721.4275009026,7945.973034913572,280775.454465989,19,141
2025-04-29,288397.9781947534,7945.973034913572,280452.0051598398,19,141
2025-04-30,287531.88810952555,9173.961913504863,278357.9261960207,19,142
2025-05-02,287749.45323931234,9173.961913504863,278575.49132580747,19,142
2025-05-05,289247.8313697278,9173.961913504863,280073.8694562229,19,142
2025-05-06,286975.4749777846,9173.961913504863,277801.51306427974,19,142
2025-05-07,287718.2553325133,9173.961913504863,278544.29341900843,19,142
2025-05-08,285323.64111596585,9173.961913504863,276149.679202461,19,142
2025-05-09,284021.97220309096,9173.961913504863,274848.0102895861,19,142
2025-05-12,294846.5244130999,9173.961913504863,285672.56249959505,19,142
2025-05-13,290926.9038958947,10044.034419547032,280882.8694763477,19,143
2025-05-14,292997.7972679554,10044.034419547032,282953.76284840837,19,143
2025-05-15,298158.4371794543,10044.034419547032,288114.4027599073,19,143
2025-05-16,297697.50940070365,10044.034419547032,287653.47498115664,19,143
2025-05-19,296058.3357998878,11419.314374754198,284639.0214251336,19,144
2025-05-20,293460.98468517355,12042.627610470536,281418.35707470303,19,145
2025-05-21,294810.90013537544,12042.627610470536,282768.2725249049,19,145
2025-05-22,291773.7976750189,13623.860400133744,278149.93727488513,19,146
2025-05-23,294259.5559157177,13623.860400133744,280635.6955155839,19,146
2025-05-26,295588.3547412044,13623.860400133744,281964.49434107065,19,146
2025-05-27,294470.4015255521,13623.860400133744,280846.5411254183,19,146
2025-05-28,293008.8920519924,14702.82067477818,278306.0713772142,19,147
2025-05-29,294431.2576726669,14702.82067477818,279728.4369978887,19,147
2025-05-30,292255.86292990204,14702.82067477818,277553.04225512384,19,147
2025-06-02,292336.622621399,14702.82067477818,277633.8019466208,19,147
2025-06-03,290270.9138356647,14702.82067477818,275568.0931608865,19,147
2025-06-04,291119.1970999377,14702.82067477818,276416.3764251595,19,147
2025-06-05,292092.2450475283,14702.82067477818,277389.4243727501,19,147
2025-06-06,294631.9543261244,14702.82067477818,279929.1336513462,19,147
2025-06-09,296982.1686884492,14702.82067477818,282279.348013671,19,147
2025-06-10,298919.6093076017,14702.82067477818,284216.7886328235,19,147
2025-06-11,299031.14427578636,14702.82067477818,284328.32360100816,19,147
2025-06-12,296596.3071376714,14702.82067477818,281893.4864628932,19,147
2025-06-13,295427.2484538172,14702.82067477818,280724.427779039,19,147
2025-06-16,297329.8007235199,14702.82067477818,282626.9800487417,19,147
2025-06-17,295266.73584506946,14702.82067477818,280563.91517029126,19,147
2025-06-18,294907.04903257877,14702.82067477818,280204.2283578006,19,147
2025-06-19,294477.3630348058,14702.82067477818,279774.5423600276,19,147
2025-06-20,296554.1164948486,14702.82067477818,281851.29582007043,19,147
2025-06-23,295654.5319698209,14702.82067477818,280951.7112950427,19,147
2025-06-24,295787.14904457785,14702.82067477818,281084.32836979965,19,147
2025-06-25,297312.0992637387,14702.82067477818,282609.27858896053,19,147
2025-06-26,299243.82140915096,14702.82067477818,284541.00073437276,19,147
2025-06-27,299963.8806021126,14702.82067477818,285261.0599273344,19,147
2025-06-30,299350.8450245408,14702.82067477818,284648.0243497626,19,147
2025-07-01,299057.0414895505,16175.42341450421,282881.6180750463,19,148
2025-07-02,298384.72971278557,1175.42341450421,297209.30629828136,19,148
2025-07-03,299215.0751795185,1175.42341450421,298039.6517650143,19,148
2025-07-04,299596.29366612417,2503.984867018178,297092.308799106,19,149
2025-07-07,300262.90179449174,2503.984867018178,297758.91692747356,19,149
2025-07-08,300389.19765563036,2503.984867018178,297885.2127886122,19,149
2025-07-09,299959.49611081945,2503.984867018178,297455.5112438013,19,149
2025-07-10,299169.8855066915,2503.984867018178,296665.90063967335,19,149
2025-07-11,298563.1817702084,3444.2833744808668,295118.89839572756,19,150
2025-07-14,299006.19499886106,3444.2833744808668,295561.9116243802,19,150
2025-07-15,301377.82167953905,3444.2833744808668,297933.5383050582,19,150
